1,Roderich,Gittis,rgittis0@npr.org,Female,Training,284105,Meejo,Bryan,United States
2,Mahala,Calderhead,mcalderhead1@sourceforge.net,Male,Human Resources,76390,Thoughtmix,Tourcoing,France
3,Susy,Borghese,sborghese2@typepad.com,Female,Product Management,353045,Twiyo,Norton,United Kingdom
4,Evelina,Bonass,ebonass3@alibaba.com,Female,Product Management,463718,Gabvine,Dayton,United States
5,Sammie,Ganniclifft,sganniclifft4@whitehouse.gov,Female,Services,319357,Minyx,Nice,France
6,Merna,Ottewell,mottewell5@ustream.tv,Male,Legal,230176,Edgeblab,Nantes,France
7,Denny,Bricknall,dbricknall6@joomla.org,Male,Legal,657463,Voonyx,Rungis,France
8,Aubert,McGrudder,amcgrudder7@wsj.com,Male,Services,673539,Brainbox,Nancy,France
9,Daffy,Poppy,dpoppy8@joomla.org,Male,Services,189715,Rooxo,Nevers,France
10,Wendi,Betteridge,wbetteridge9@github.io,Female,Legal,61036,Bubblebox,Clichy,France
11,Sabrina,Skillicorn,sskillicorna@wsj.com,Male,Human Resources,132939,Flipbug,Fécamp,France
12,Barnabe,Siviter,bsiviterb@kickstarter.com,Male,Product Management,63567,Tagopia,Eaton,United Kingdom
13,Yalonda,Dawidsohn,ydawidsohnc@cbslocal.com,Female,Marketing,901512,Dablist,Charenton-le-Pont,France
14,Dolorita,Noe,dnoed@arizona.edu,Female,Human Resources,168441,Kimia,La Roche-sur-Yon,France
15,Gamaliel,Norcutt,gnorcutte@skyrock.com,Female,Sales,660321,Kwinu,Ludwigshafen am Rhein,Germany
16,Griswold,Martignon,gmartignonf@google.ru,Female,Human Resources,950307,Yodel,Créteil,France
17,Datha,Reedy,dreedyg@yellowpages.com,Male,Human Resources,90020,Twitterwire,Buckland,United Kingdom
18,Arney,Hawkins,ahawkinsh@topsy.com,Female,Legal,84641,Leexo,Farmington,United States
19,Elvyn,Chrispin,echrispini@behance.net,Female,Marketing,35253,Jabberstorm,Whittier,United States
20,Ario,Gallico,agallicoj@washingtonpost.com,Male,Training,756936,Shuffletag,New Bedford,United States
21,Loreen,Stammirs,lstammirsk@weebly.com,Male,Engineering,276609,Kazio,San Diego,United States
22,Oralie,Davidovic,odavidovicl@weather.com,Female,Accounting,992230,Realcube,Mirecourt,France
23,Neile,Broadhurst,nbroadhurstm@businessweek.com,Male,Business Development,100061,Shufflebeat,Caen,France
24,Bobby,Bann,bbannn@prweb.com,Female,Support,502458,Zoomzone,Waco,United States
25,Myrvyn,Tarbin,mtarbino@rambler.ru,Female,Services,568437,Gabtype,Toulouse,France
26,Norine,Sackler,nsacklerp@youtube.com,Female,Accounting,425963,Realbuzz,Port-de-Bouc,France
27,Abramo,Mayoral,amayoralq@youku.com,Female,Accounting,509679,Realfire,Tuscaloosa,United States
28,Lark,Sodor,lsodorr@networksolutions.com,Female,Accounting,926902,Kazu,Charenton-le-Pont,France
29,Giorgio,Duferie,gduferies@zimbio.com,Female,Training,152847,Mydo,Köln,Germany
30,Brinn,Roxburch,broxburcht@cnn.com,Female,Sales,136098,Rhynoodle,Jacksonville,United States
31,Sondra,Dreossi,sdreossiu@amazon.co.uk,Female,Business Development,899776,Livepath,Paris 17,France
32,Gregorius,Maxwale,gmaxwalev@yelp.com,Female,Human Resources,937183,Jayo,Philadelphia,United States
33,Peyton,Meadowcraft,pmeadowcraftw@usa.gov,Female,Training,791726,Tavu,La Plaine-Saint-Denis,France
34,Lennard,Venus,lvenusx@biglobe.ne.jp,Female,Services,216771,Kwinu,Tulsa,United States
35,Florentia,Craw,fcrawy@dyndns.org,Male,Support,525201,Gabcube,Dunkerque,France
36,Rhonda,Coogan,rcooganz@qq.com,Male,Sales,106102,Dynava,Seattle,United States
37,Cris,O'Lochan,colochan10@about.com,Female,Sales,727222,Cogibox,Marston,United Kingdom
38,Ellswerth,Botler,ebotler11@wikipedia.org,Male,Product Management,551374,Abata,Belfort,France
39,Lorine,Shawell,lshawell12@walmart.com,Female,Engineering,67082,Rhycero,San Diego,United States
40,Fianna,Ruddiforth,fruddiforth13@studiopress.com,Female,Human Resources,677060,Aivee,Orsay,France
41,Adler,Prescott,aprescott14@wunderground.com,Male,Accounting,760495,Thoughtsphere,Clichy,France
42,Gael,Moulster,gmoulster15@last.fm,Female,Sales,868351,Ntag,Soissons,France
43,Nanci,Millam,nmillam16@answers.com,Male,Research and Development,356638,Yozio,San Antonio,United States
44,Allie,Cannaway,acannaway17@ihg.com,Female,Legal,917291,Latz,Saint Louis,United States
45,Alexandros,Ellaman,aellaman18@histats.com,Female,Product Management,226241,Voomm,Poitiers,France
46,Davy,Stigell,dstigell19@flickr.com,Female,Engineering,835123,Yodoo,Sioux Falls,United States
47,Stephan,Elias,selias1a@virginia.edu,Female,Product Management,278770,Ozu,Los Angeles,United States
48,Harlan,Knoller,hknoller1b@goodreads.com,Male,Legal,119364,Feedspan,Sacramento,United States
49,Harwell,Butts,hbutts1c@deliciousdays.com,Male,Research and Development,612985,Wikizz,Haguenau,France
50,Welbie,Slayton,wslayton1d@parallels.com,Male,Product Management,938346,Tagcat,Paterson,United States
51,Frederik,Garrood,fgarrood1e@techcrunch.com,Female,Accounting,920410,Katz,Roissy Charles-de-Gaulle,France
52,Munroe,Dankersley,mdankersley1f@washingtonpost.com,Female,Services,954266,Babblestorm,Lincoln,United States
53,Petronella,Bertenshaw,pbertenshaw1g@51.la,Female,Marketing,504578,Twimm,Coutances,France
54,Leanna,Chason,lchason1h@goo.ne.jp,Male,Support,529300,Brainverse,Orléans,France
55,Timmie,Himsworth,thimsworth1i@last.fm,Male,Accounting,714705,Realpoint,Villefranche-sur-Saône,France
56,Brooke,Villaron,bvillaron1j@aol.com,Female,Accounting,537605,Blogtags,Sallanches,France
57,Gerrie,Aymes,gaymes1k@paypal.com,Female,Sales,607020,Tagopia,Fort Worth,United States
58,Janis,Beevis,jbeevis1l@360.cn,Male,Sales,391110,Mycat,Nantes,France
59,Yolane,Issac,yissac1m@huffingtonpost.com,Female,Research and Development,815163,Feednation,Provins,France
60,Fanya,Stovin,fstovin1n@wikipedia.org,Male,Sales,871398,Blogtags,Niort,France
61,Hermione,Whyman,hwhyman1o@liveinternet.ru,Male,Services,499071,Voomm,Orsay,France
62,Tiffanie,Wadworth,twadworth1p@bandcamp.com,Male,Training,37503,Youopia,Norwalk,United States
63,Nikki,Velden,nvelden1q@theglobeandmail.com,Female,Human Resources,743522,Flashspan,Jackson,United States
64,Lenard,Kanter,lkanter1r@mit.edu,Female,Training,140621,Fliptune,Paris 02,France
65,Judi,Carnilian,jcarnilian1s@bigcartel.com,Female,Marketing,237373,Edgeify,Fullerton,United States
66,Geoffry,Faughnan,gfaughnan1t@epa.gov,Female,Human Resources,892185,Avaveo,Cedar Rapids,United States
67,Mellisent,Bolles,mbolles1u@addthis.com,Female,Support,224279,Tagfeed,Avignon,France
68,Elisha,Tumasian,etumasian1v@wufoo.com,Female,Business Development,969276,Rhynoodle,Quimper,France
69,Hakeem,Linnell,hlinnell1w@webnode.com,Male,Sales,129400,Photojam,Lens,France
70,Vaughan,Attersoll,vattersoll1x@newsvine.com,Female,Sales,713982,Twitterbridge,Morez,France
71,Jeffie,Arrighetti,jarrighetti1y@marriott.com,Female,Legal,633156,Meetz,Hampton,United States
72,Colan,Ricciardelli,cricciardelli1z@sourceforge.net,Male,Training,649574,Wordware,Norton,United Kingdom
73,Vincenz,Birrel,vbirrel20@dyndns.org,Female,Support,568803,Rhyloo,Thionville,France
74,Ingamar,Holligan,iholligan21@loc.gov,Female,Services,874258,Quatz,Sheffield,United Kingdom
75,Jacquelyn,Ceeley,jceeley22@usa.gov,Female,Services,357038,Abatz,Remscheid,Germany
76,Glory,Thorrington,gthorrington23@xrea.com,Female,Business Development,135260,Shuffletag,New Orleans,United States
77,Matthieu,Georgeson,mgeorgeson24@ask.com,Male,Marketing,62611,Avamba,Tours,France
78,Doll,Sherborne,dsherborne25@bloglovin.com,Male,Legal,634280,Linkbridge,Redon,France
79,Shelbi,Gritland,sgritland26@privacy.gov.au,Male,Training,522860,Photobug,Washington,United States
80,Helga,Hars,hhars27@ezinearticles.com,Male,Support,50629,Pixope,Moret-sur-Loing,France
81,Kellen,Kuller,kkuller28@t-online.de,Female,Support,999953,Zoombox,Baton Rouge,United States
82,Kiley,Cartner,kcartner29@deliciousdays.com,Female,Sales,39496,Livetube,Quimper,France
83,Kingsly,Hanmer,khanmer2a@pinterest.com,Male,Training,900806,Yodel,Paris 19,France
84,Stefanie,Cracoe,scracoe2b@state.tx.us,Male,Engineering,63253,Pixope,Hanau,Germany
85,Ellsworth,Cammacke,ecammacke2c@noaa.gov,Female,Legal,47887,Jaxworks,Grand Rapids,United States
86,Adelaide,Calvert,acalvert2d@ed.gov,Female,Accounting,265894,Buzzdog,Jacksonville,United States
87,Henrik,Growden,hgrowden2e@hostgator.com,Male,Engineering,113832,Tagcat,Solingen,Germany
88,Tara,Hagwood,thagwood2f@jigsy.com,Male,Human Resources,920661,Topicblab,Detroit,United States
89,Shalom,Garrit,sgarrit2g@acquirethisname.com,Male,Training,323813,Trunyx,Halle,Germany
90,Maisie,Raper,mraper2h@furl.net,Male,Engineering,369570,Linkbuzz,Bobigny,France
91,Myranda,Mation,mmation2i@dell.com,Female,Services,485972,Feedbug,Blagnac,France
92,Lucina,Houson,lhouson2j@miitbeian.gov.cn,Male,Business Development,380496,Gabtype,Los Angeles,United States
93,Ramonda,Murrish,rmurrish2k@w3.org,Male,Marketing,625490,BlogXS,Rennes,France
94,Camilla,Donativo,cdonativo2l@netscape.com,Female,Engineering,282608,Dynava,Charleville-Mézières,France
95,Gerhardt,Texton,gtexton2m@a8.net,Male,Training,262600,Skipstorm,Houston,United States
96,Nata,Remer,nremer2n@bravesites.com,Male,Marketing,302186,Topicblab,Aulnay-sous-Bois,France
97,Viviyan,Gallamore,vgallamore2o@mozilla.com,Male,Accounting,381346,Bubbletube,Florence,United States
98,Thelma,Tomashov,ttomashov2p@abc.net.au,Male,Product Management,81691,BlogXS,Tyler,United States
99,Harlin,Campsall,hcampsall2q@sfgate.com,Male,Services,821961,Zoomzone,Chartres,France
100,Carly,Bruckental,cbruckental2r@storify.com,Female,Services,917234,Quaxo,Bordeaux,France
101,Samson,Reubens,sreubens2s@sitemeter.com,Male,Engineering,958574,Midel,Gelsenkirchen,Germany
102,Duncan,Dumbrill,ddumbrill2t@japanpost.jp,Male,Services,219341,Photofeed,Cergy-Pontoise,France
103,Jordain,Macro,jmacro2u@reuters.com,Female,Business Development,551458,Meeveo,Cergy-Pontoise,France
104,Tobias,Bland,tbland2v@tuttocitta.it,Male,Marketing,416487,Innotype,Trélazé,France
105,Rafaellle,Kerry,rkerry2w@telegraph.co.uk,Female,Marketing,681852,Eidel,Stuttgart Stuttgart-Mitte,Germany
106,Bessy,Sive,bsive2x@livejournal.com,Male,Support,452601,Gabcube,Metz,France
107,Corrine,Shickle,cshickle2y@hatena.ne.jp,Female,Product Management,315439,Browseblab,Chambéry,France
108,Shell,Doorly,sdoorly2z@walmart.com,Female,Product Management,666915,Buzzdog,Springfield,United States
109,Abigail,Hunnywell,ahunnywell30@abc.net.au,Female,Engineering,699425,Pixope,Münster,Germany
110,Peggie,Titterrell,ptitterrell31@phoca.cz,Female,Marketing,630069,Topicshots,Saint Paul,United States
111,Ronny,Racine,rracine32@statcounter.com,Male,Engineering,133342,Skajo,New York City,United States
112,Annamarie,Squires,asquires33@dailymail.co.uk,Female,Sales,446164,Yacero,Racine,United States
113,Alina,Chaston,achaston34@utexas.edu,Male,Support,728238,Jabberstorm,Locminé,France
114,Ermina,Mossdale,emossdale35@privacy.gov.au,Male,Human Resources,496843,Eayo,Columbus,United States
115,Tome,Elfe,telfe36@google.co.uk,Male,Engineering,259713,Blogtag,Sacramento,United States
116,Wat,De Biasi,wdebiasi37@1688.com,Male,Services,722087,Dynabox,Boise,United States
117,Dyan,McDuffy,dmcduffy38@prnewswire.com,Male,Training,591239,Mycat,Baume-les-Dames,France
118,Karly,Pendle,kpendle39@netvibes.com,Female,Accounting,935910,Shuffledrive,Bordeaux,France
119,Cayla,Dickie,cdickie3a@infoseek.co.jp,Male,Human Resources,27378,Npath,El Paso,United States
120,Alberik,Pryer,apryer3b@privacy.gov.au,Male,Sales,998689,Gigashots,Carrières-sur-Seine,France
121,Weidar,McCann,wmccann3c@prnewswire.com,Male,Research and Development,160787,Realcube,Alexandria,United States
122,Genevieve,Swane,gswane3d@princeton.edu,Male,Sales,228764,Agivu,Cincinnati,United States
123,Viviyan,Sigfrid,vsigfrid3e@comcast.net,Female,Accounting,422764,Kamba,Berlin,Germany
124,Jasmina,Caine,jcaine3f@tmall.com,Female,Accounting,57963,Npath,Lens,France
125,Josiah,Slides,jslides3g@telegraph.co.uk,Male,Services,169527,Yambee,Rueil-Malmaison,France
126,Laraine,Kowalik,lkowalik3h@seesaa.net,Female,Legal,322621,Trudeo,San Jose,United States
127,Bartolomeo,Kynd,bkynd3i@slideshare.net,Male,Marketing,69783,Divape,Fresnes,France
128,Palmer,Porter,pporter3j@dell.com,Male,Support,53741,Yakidoo,Dallas,United States
129,Keri,Iliff,kiliff3k@yandex.ru,Male,Legal,132254,Flashpoint,Goussainville,France
130,Dora,Whithalgh,dwhithalgh3l@indiegogo.com,Male,Marketing,309885,Blogpad,Lyon,France
131,Glendon,Broxis,gbroxis3m@usda.gov,Female,Sales,43394,Bubblebox,Suresnes,France
132,Magdalena,Larchiere,mlarchiere3n@irs.gov,Female,Research and Development,427040,Avamba,Church End,United Kingdom
133,Valerye,Rigney,vrigney3o@storify.com,Male,Training,708560,Roomm,Shreveport,United States
134,Antoine,Incogna,aincogna3p@hp.com,Male,Product Management,529094,Zoomlounge,Newbiggin,United Kingdom
135,Emile,Gurden,egurden3q@webs.com,Female,Support,702007,Linktype,Paris 17,France
136,Lilllie,Sawley,lsawley3r@tripadvisor.com,Female,Support,559369,Oloo,Iowa City,United States
137,Krispin,Rubbert,krubbert3s@goo.ne.jp,Male,Marketing,574302,Meevee,Palaiseau,France
138,Issi,Fuentes,ifuentes3t@dailymotion.com,Male,Sales,617922,Babbleblab,Cachan,France
139,Carline,Le Friec,clefriec3u@ycombinator.com,Male,Product Management,258650,Skimia,Aurillac,France
140,Maribeth,Erdes,merdes3v@hubpages.com,Female,Support,746584,Twinte,Louisville,United States
141,Ryon,Hurles,rhurles3w@amazonaws.com,Female,Support,878837,Viva,Bremen,Germany
142,Brianne,Godsell,bgodsell3x@un.org,Male,Research and Development,927802,Geba,Milton,United Kingdom
143,Eda,Leverett,eleverett3y@alibaba.com,Female,Research and Development,867579,Photobug,Bobigny,France
144,Zane,Skures,zskures3z@sakura.ne.jp,Female,Training,366283,Quatz,Charlottesville,United States
145,Preston,Cuningham,pcuningham40@theguardian.com,Male,Services,920716,Innotype,Lomme,France
146,Cherri,Claughton,cclaughton41@tiny.cc,Male,Services,711531,Blogspan,Besançon,France
147,Gunther,Udy,gudy42@constantcontact.com,Male,Business Development,685809,Dabshots,Boulder,United States
148,Gabriello,Baiss,gbaiss43@wikipedia.org,Male,Human Resources,648382,Skinder,Waterbury,United States
149,Rice,O'Keaveny,rokeaveny44@vkontakte.ru,Female,Training,326719,Tagopia,New York City,United States
150,Belle,Sigward,bsigward45@chicagotribune.com,Female,Research and Development,713802,Dabfeed,Dearborn,United States
151,Gail,Westoff,gwestoff46@nba.com,Female,Services,834548,Feedmix,Le Blanc-Mesnil,France
152,Leighton,Manthroppe,lmanthroppe47@drupal.org,Female,Engineering,529692,Muxo,Tuscaloosa,United States
153,Jason,Lacer,jlacer48@craigslist.org,Male,Sales,268076,Cogidoo,San Antonio,United States
154,Jo,McNirlin,jmcnirlin49@usgs.gov,Female,Support,74730,Yombu,Saint Louis,United States
155,Louis,Alloisi,lalloisi4a@mediafire.com,Female,Services,992614,Wordware,Cedar Rapids,United States
156,Aubrey,Holbury,aholbury4b@nydailynews.com,Female,Business Development,932696,Thoughtworks,Fontenay-sous-Bois,France
157,Carolee,Leathwood,cleathwood4c@qq.com,Male,Services,591476,Voonte,Tallahassee,United States
158,Lammond,Zimmermeister,lzimmermeister4d@nifty.com,Female,Human Resources,749598,Skiba,Aurora,United States
159,Wendall,Turpin,wturpin4e@ted.com,Female,Marketing,965527,Camido,Joliet,United States
160,Geraldine,Spyer,gspyer4f@marketwatch.com,Female,Engineering,700293,Skaboo,Hamburg,Germany
161,Camellia,Dullingham,cdullingham4g@ox.ac.uk,Male,Human Resources,553499,Jabberbean,Narbonne,France
162,Finley,Mosedall,fmosedall4h@hatena.ne.jp,Male,Human Resources,50371,Photofeed,Olympia,United States
163,Caresse,Devita,cdevita4i@msu.edu,Male,Human Resources,285616,Kwideo,Berck,France
164,Alex,Delooze,adelooze4j@wix.com,Male,Sales,446634,Zoovu,Seattle,United States
165,Ashlen,Sturdy,asturdy4k@aol.com,Male,Engineering,81831,Avaveo,Portland,United States
166,Dagmar,Clapison,dclapison4l@icq.com,Female,Support,918479,Oloo,Fontenay-sous-Bois,France
167,Hill,Proudley,hproudley4m@blinklist.com,Female,Sales,139928,Quinu,Clichy,France
168,Vidovik,Morgan,vmorgan4n@t.co,Female,Business Development,46993,Zoonder,Metz,France
169,Cordelie,Greenfield,cgreenfield4o@e-recht24.de,Male,Research and Development,475133,Cogidoo,Cesson-Sévigné,France
170,Aile,Siviter,asiviter4p@goo.gl,Male,Marketing,805148,Voolith,New Haven,United States
171,Lizzy,Hriinchenko,lhriinchenko4q@paginegialle.it,Female,Human Resources,801024,Zoombox,Mont-de-Marsan,France
172,Tabbie,Neale,tneale4r@rakuten.co.jp,Female,Product Management,61520,Skibox,Düsseldorf,Germany
173,Carroll,McBryde,cmcbryde4s@washington.edu,Female,Accounting,971439,Eadel,Orléans,France
174,Amalee,Tolossi,atolossi4t@slideshare.net,Female,Services,210481,Zoovu,Vitrolles,France
175,Keenan,Slad,kslad4u@weather.com,Male,Legal,510288,Linklinks,Tampa,United States
176,Marja,Reade,mreade4v@squarespace.com,Male,Business Development,838201,Skiba,Rennes,France
177,Borden,Argent,bargent4w@ameblo.jp,Female,Product Management,719678,Zoombox,Fosses,France
178,Andreana,Carmichael,acarmichael4x@ucoz.com,Female,Marketing,211149,Oodoo,Paris 09,France
179,Van,Onthank,vonthank4y@deliciousdays.com,Female,Legal,754986,Twitternation,Blois,France
180,Sarita,Brew,sbrew4z@dropbox.com,Male,Business Development,863865,Linklinks,Stockton,United States
181,Margaux,Maddern,mmaddern50@123-reg.co.uk,Female,Accounting,558511,Ntags,Odessa,United States
182,Gabriella,Grisenthwaite,ggrisenthwaite51@wufoo.com,Male,Business Development,294766,Skilith,El Paso,United States
183,Alameda,Haet,ahaet52@drupal.org,Female,Services,902995,Browsedrive,Quimper,France
184,Otes,Brandreth,obrandreth53@blogtalkradio.com,Female,Services,300309,Tagcat,Baltimore,United States
185,Christoph,Friedenbach,cfriedenbach54@unblog.fr,Male,Research and Development,512653,Photobean,Jackson,United States
186,Bevan,Alldred,balldred55@sun.com,Female,Engineering,991489,Pixoboo,Rouen,France
187,Jimmie,Durgan,jdurgan56@businessweek.com,Female,Business Development,456040,Thoughtmix,Sacramento,United States
188,Leonora,Huetson,lhuetson57@yolasite.com,Male,Engineering,678622,Oyoyo,Cannes,France
189,Evvie,Parkins,eparkins58@arizona.edu,Female,Research and Development,866247,Camido,Norfolk,United States
190,Mattie,Berthomier,mberthomier59@tripod.com,Male,Legal,739592,Wikizz,Massy,France
191,Kristina,Weich,kweich5a@washington.edu,Female,Support,103569,Twitterbeat,Fresno,United States
192,Kingston,Vallantine,kvallantine5b@123-reg.co.uk,Female,Marketing,115085,Feednation,Dayton,United States
193,Artur,Keynd,akeynd5c@gizmodo.com,Male,Marketing,832183,Quire,La Garde,France
194,Hoyt,Allston,hallston5d@seattletimes.com,Male,Legal,45875,Innojam,Weston,United Kingdom
195,Early,Fleay,efleay5e@sina.com.cn,Female,Marketing,394878,Twinte,Newton,United Kingdom
196,Melina,Tindley,mtindley5f@hatena.ne.jp,Male,Sales,290302,Skyndu,Grenoble,France
197,Natividad,Townshend,ntownshend5g@ask.com,Female,Sales,448924,Skajo,Oklahoma City,United States
198,Marys,Giacomo,mgiacomo5h@mit.edu,Female,Marketing,740531,Yombu,New York City,United States
199,Sallee,Tieman,stieman5i@technorati.com,Female,Marketing,651471,Photobean,Créteil,France
200,Norbie,Condict,ncondict5j@amazon.com,Male,Support,383958,Tambee,Le Perreux-sur-Marne,France
201,Melloney,Sweetman,msweetman5k@disqus.com,Male,Support,489084,Buzzbean,Chantilly,France
202,Tim,Akhurst,takhurst5l@theguardian.com,Female,Sales,876484,Youspan,Rungis,France
203,Mercie,Scarsbrook,mscarsbrook5m@purevolume.com,Male,Support,288968,Zooxo,München,Germany
204,Meier,Congreve,mcongreve5n@goodreads.com,Male,Training,145635,Shuffletag,Orléans,France
205,Evaleen,Bernadot,ebernadot5o@intel.com,Male,Research and Development,17116,Avaveo,Nanterre,France
206,Carlos,Bentjens,cbentjens5p@jalbum.net,Male,Services,68382,Blogtag,Saint-Maixent-l'École,France
207,Pepillo,Darrach,pdarrach5q@slideshare.net,Male,Marketing,282224,Eadel,Montgomery,United States
208,Ezri,McLaughlin,emclaughlin5r@tuttocitta.it,Female,Services,570513,Dynazzy,Bayonne,France
209,Bertine,Wissby,bwissby5s@ow.ly,Female,Training,611086,Vinder,Eybens,France
210,Catlaina,Powelee,cpowelee5t@virginia.edu,Female,Support,533569,Oyondu,Saint-Jean-de-Védas,France
211,Charmion,Keeting,ckeeting5u@amazon.com,Female,Accounting,617095,Feedfish,Tacoma,United States
212,Elinore,Espadero,eespadero5v@webeden.co.uk,Male,Accounting,230679,Gabcube,Sainte-Geneviève-des-Bois,France
213,Juanita,Foulcher,jfoulcher5w@dedecms.com,Female,Engineering,537192,Voonder,Oceanside,United States
214,Berte,Copas,bcopas5x@wikipedia.org,Male,Product Management,152179,Voonte,Roissy Charles-de-Gaulle,France
215,Danila,Mell,dmell5y@odnoklassniki.ru,Female,Engineering,279283,Lazz,Dunkerque,France
216,Mirelle,Hitchens,mhitchens5z@freewebs.com,Male,Business Development,252288,Skyba,Villeneuve-d'Ascq,France
217,Eric,Killigrew,ekilligrew60@chicagotribune.com,Male,Legal,445652,Fanoodle,Burnside,United Kingdom
218,Beverley,Sich,bsich61@intel.com,Male,Business Development,787988,Vidoo,Caen,France
219,Dniren,Cyster,dcyster62@feedburner.com,Male,Human Resources,326515,Skilith,Toulon,France
220,Rafael,Milch,rmilch63@reddit.com,Female,Product Management,298372,Meemm,Saint-Herblain,France
221,Moria,Chicotti,mchicotti64@wordpress.org,Female,Services,236813,Gevee,San Antonio,United States
222,Porty,Gateland,pgateland65@opensource.org,Female,Marketing,140470,Quimm,Oakland,United States
223,Alleen,Ciobutaro,aciobutaro66@xing.com,Male,Accounting,340123,Blogtags,Cholet,France
224,Tiebout,Philipp,tphilipp67@163.com,Female,Support,908434,Agimba,Petaluma,United States
225,Alley,Stollsteimer,astollsteimer68@gravatar.com,Male,Support,124010,Demimbu,Colomiers,France
226,Caressa,Collumbell,ccollumbell69@addthis.com,Female,Support,785244,Mynte,Évreux,France
227,Parsifal,Tomaschke,ptomaschke6a@bbc.co.uk,Male,Engineering,829005,Nlounge,Migrate,United States
228,Kara-lynn,Sterre,ksterre6b@hud.gov,Female,Accounting,782514,Zoombox,Saint-Fargeau-Ponthierry,France
229,Amberly,Wolfit,awolfit6c@instagram.com,Female,Legal,991894,Mymm,Montpellier,France
230,Sarah,Oldmeadow,soldmeadow6d@nba.com,Male,Human Resources,754523,LiveZ,Albi,France
231,Curcio,Shanley,cshanley6e@nsw.gov.au,Male,Services,281289,Geba,Besançon,France
232,Aundrea,Bettles,abettles6f@hhs.gov,Male,Sales,683148,Demizz,Guérande,France
233,Arny,Chatel,achatel6g@tinypic.com,Male,Human Resources,25879,Oloo,Domont,France
234,Selina,Godby,sgodby6h@hp.com,Male,Human Resources,886809,Leenti,Berlin,Germany
235,Eleanore,Schumacher,eschumacher6i@delicious.com,Male,Human Resources,899115,Abatz,Charleston,United States
236,Cedric,Belly,cbelly6j@xing.com,Male,Research and Development,821843,Meeveo,Bronx,United States
237,Tedman,Tissington,ttissington6k@constantcontact.com,Male,Product Management,787615,Trilith,Kansas City,United States
238,Deirdre,Vesque,dvesque6l@topsy.com,Female,Legal,293891,Blognation,Dallas,United States
239,Evvy,Torbet,etorbet6m@rakuten.co.jp,Male,Training,630451,Divavu,Tours,France
240,Devan,Pedwell,dpedwell6n@nytimes.com,Male,Services,87311,Quinu,Dulles,United States
241,Doug,Sells,dsells6o@wordpress.org,Male,Research and Development,480765,Skynoodle,Jackson,United States
242,Galen,Spuner,gspuner6p@reverbnation.com,Female,Training,9847,Wikido,Fort Worth,United States
243,Alix,Warton,awarton6q@senate.gov,Female,Human Resources,570569,Babbleopia,Saint-Quentin-en-Yvelines,France
244,Jayson,Ralestone,jralestone6r@fotki.com,Male,Research and Development,534279,Zoomcast,Romilly-sur-Seine,France
245,Meir,Proschek,mproschek6s@sina.com.cn,Female,Support,324944,Photojam,Orléans,France
246,Eva,Soitoux,esoitoux6t@photobucket.com,Female,Marketing,629246,Photobug,Dijon,France
247,Weston,Allderidge,wallderidge6u@google.it,Male,Sales,388645,Geba,Nantes,France
248,Marion,Kurtis,mkurtis6v@msu.edu,Male,Research and Development,424833,Midel,Miami,United States
249,Ciro,Benley,cbenley6w@buzzfeed.com,Male,Services,582918,Gabtype,Bordeaux,France
250,Vail,Warret,vwarret6x@goo.ne.jp,Male,Research and Development,145360,Fivespan,Marseille,France
251,Casar,Hubble,chubble6y@sciencedaily.com,Female,Marketing,821896,Agivu,Cleveland,United States
252,Flint,Bruni,fbruni6z@telegraph.co.uk,Male,Research and Development,723837,Fivechat,Washington,United States
253,Nevile,Grimsdith,ngrimsdith70@tmall.com,Female,Training,912074,Meevee,Portland,United States
254,Tait,Ongin,tongin71@forbes.com,Male,Business Development,216184,Dablist,Lille,France
255,Jeri,Betham,jbetham72@umn.edu,Female,Marketing,939736,Brightbean,Paris 19,France
256,Gearalt,McDugal,gmcdugal73@baidu.com,Female,Research and Development,444864,Yata,Hannover,Germany
257,Elsbeth,Caspell,ecaspell74@stumbleupon.com,Male,Services,417365,Jayo,Mantes-la-Jolie,France
258,Leland,Bale,lbale75@ehow.com,Male,Marketing,152993,Layo,Montpellier,France
259,Lyndsay,Jindracek,ljindracek76@clickbank.net,Female,Services,938333,Skaboo,Minneapolis,United States
260,Olenka,Inman,oinman77@live.com,Male,Human Resources,54892,Zoomlounge,Düsseldorf,Germany
261,Em,Rosten,erosten78@cbc.ca,Male,Sales,877528,Eire,Vierzon,France
262,Norma,Woakes,nwoakes79@businessinsider.com,Female,Product Management,906802,Dabtype,Châteauroux,France
263,Bord,Brydon,bbrydon7a@mediafire.com,Female,Training,949836,Zoovu,Montbrison,France
264,Cleavland,Gheorghe,cgheorghe7b@over-blog.com,Male,Support,490900,Thoughtstorm,Migrate,United States
265,Rania,Burchnall,rburchnall7c@rediff.com,Male,Services,879127,Miboo,Lyon,France
266,Ruperto,Lund,rlund7d@skype.com,Female,Business Development,458728,Mybuzz,Vancouver,United States
267,Sandi,Hurton,shurton7e@baidu.com,Female,Business Development,225308,Mudo,Naples,United States
268,Lillis,Wolfendale,lwolfendale7f@mapy.cz,Female,Sales,275856,Twiyo,Saint-Denis,France
269,Haleigh,Dey,hdey7g@disqus.com,Male,Human Resources,919328,Tazz,Dallas,United States
270,Leonidas,Strond,lstrond7h@google.it,Female,Accounting,31940,Youbridge,Schenectady,United States
271,Bradley,Bruntje,bbruntje7i@google.com.au,Female,Product Management,942301,Wordpedia,Charleston,United States
272,Estevan,Eberdt,eeberdt7j@skype.com,Female,Sales,513572,Yadel,Whitwell,United Kingdom
273,Weston,Aspland,waspland7k@spiegel.de,Male,Legal,764243,Skipfire,San Antonio,United States
274,Marcile,Roswarn,mroswarn7l@geocities.jp,Male,Sales,412834,Avaveo,Berlin,Germany
275,Eadmund,Sheed,esheed7m@liveinternet.ru,Male,Marketing,480323,Realbuzz,Glendale,United States
276,Valery,Iacobetto,viacobetto7n@businesswire.com,Female,Product Management,540171,Quire,Saint-Malo,France
277,Nico,Cardon,ncardon7o@wikipedia.org,Female,Engineering,100147,JumpXS,Guérande,France
278,Gabbi,Brownlee,gbrownlee7p@nsw.gov.au,Male,Support,912631,Bubblemix,Torrance,United States
279,Sheree,Rowbury,srowbury7q@smugmug.com,Female,Engineering,973579,Zoomlounge,Niort,France
280,Randie,Wanjek,rwanjek7r@deviantart.com,Male,Support,575213,Trunyx,Atlanta,United States
281,Alana,Ogus,aogus7s@google.es,Female,Marketing,514533,Myworks,Rungis,France
282,Renault,Fidell,rfidell7t@usa.gov,Male,Training,714943,Tagtune,Philadelphia,United States
283,Broddie,Chastney,bchastney7u@ihg.com,Female,Services,796090,Topicshots,Belfast,United Kingdom
284,Doug,Bousler,dbousler7v@slashdot.org,Female,Services,804386,Tagtune,Sutton,United Kingdom
285,Nadia,Scudder,nscudder7w@123-reg.co.uk,Female,Product Management,526418,Rhyloo,Chambéry,France
286,Elysia,Coe,ecoe7x@topsy.com,Female,Engineering,895837,Mynte,Nantes,France
287,Konrad,Madre,kmadre7y@tripadvisor.com,Female,Marketing,611950,Skinte,Le Havre,France
288,Esme,Espine,eespine7z@ycombinator.com,Male,Training,559946,Brainverse,Montélimar,France
289,Lynelle,De Maine,ldemaine80@diigo.com,Female,Product Management,246746,Fatz,Olympia,United States
290,Cozmo,Woodnutt,cwoodnutt81@ameblo.jp,Male,Legal,469109,Zoomlounge,Wilmington,United States
291,Andras,Zanetello,azanetello82@deliciousdays.com,Male,Engineering,714644,Devpoint,La Plaine-Saint-Denis,France
292,Reynolds,Bengtsen,rbengtsen83@cmu.edu,Male,Support,350717,Livefish,Cincinnati,United States
293,Ibbie,Lockett,ilockett84@webs.com,Male,Business Development,286032,Brainverse,Paris La Défense,France
294,Cara,Gullberg,cgullberg85@nps.gov,Female,Accounting,522851,Edgeblab,Cambrai,France
295,Thatcher,Swainger,tswainger86@walmart.com,Female,Sales,91702,Innojam,Cergy-Pontoise,France
296,Josefina,MacPeice,jmacpeice87@ft.com,Female,Accounting,437905,Livefish,Valence,France
297,Yancy,Lunnon,ylunnon88@liveinternet.ru,Female,Marketing,582992,Plajo,Sainte-Luce-sur-Loire,France
298,Burgess,Mityushkin,bmityushkin89@java.com,Female,Research and Development,568462,Yacero,Sacramento,United States
299,Felecia,Trodden,ftrodden8a@deviantart.com,Male,Training,212696,Devcast,Caen,France
300,Lacey,MacGilrewy,lmacgilrewy8b@youtu.be,Female,Legal,395984,Lazz,Lorient,France
301,Marinna,Shuter,mshuter8c@europa.eu,Male,Sales,872846,Realbuzz,Caen,France
302,Barbey,Rothert,brothert8d@is.gd,Male,Training,633236,Yata,Dijon,France
303,Mattheus,Sidden,msidden8e@free.fr,Male,Legal,474736,Yambee,Paris 19,France
304,Jocelyne,Ruckman,jruckman8f@parallels.com,Female,Support,137353,Oozz,Rouen,France
305,Leonelle,Minico,lminico8g@lycos.com,Male,Research and Development,968892,Pixoboo,La Motte-Servolex,France
306,Alvin,Bourcq,abourcq8h@princeton.edu,Male,Services,244541,Jatri,Toulouse,France
307,Rochester,Rahl,rrahl8i@miitbeian.gov.cn,Female,Sales,762162,Skipstorm,Metz,France
308,Harli,Saulter,hsaulter8j@cnet.com,Female,Product Management,566613,Oyoloo,Saint-Brieuc,France
309,Carolyne,Avramovsky,cavramovsky8k@issuu.com,Male,Business Development,237471,Skipstorm,Saint-Nazaire,France
310,Worth,Maidens,wmaidens8l@apache.org,Female,Research and Development,852842,Trudoo,Mont-Saint-Aignan,France
311,Nessa,Christopher,nchristopher8m@cnn.com,Male,Sales,89888,Podcat,Strasbourg,France
312,Thelma,Kindley,tkindley8n@imgur.com,Male,Product Management,108929,Viva,New York City,United States
313,Freedman,Bodley,fbodley8o@addthis.com,Female,Accounting,997792,Realfire,Besançon,France
314,Carmela,Stapforth,cstapforth8p@surveymonkey.com,Female,Marketing,831271,Photospace,Nancy,France
315,Daveen,Duxbarry,dduxbarry8q@icio.us,Male,Research and Development,663370,Skajo,Vesoul,France
316,Barnabas,Nutbrown,bnutbrown8r@mit.edu,Female,Training,122993,Vimbo,Newport Beach,United States
317,Winnifred,Lewnden,wlewnden8s@psu.edu,Male,Training,541108,Zoovu,Paris 10,France
318,Dodi,Lawry,dlawry8t@bbb.org,Female,Product Management,152512,Meejo,Bloomington,United States
319,Marc,O'Loughnan,moloughnan8u@exblog.jp,Female,Support,421183,Demivee,Sacramento,United States
320,Harald,Keddie,hkeddie8v@blinklist.com,Female,Human Resources,443896,Dabjam,Andrézieux-Bouthéon,France
321,Rafi,Auchterlony,rauchterlony8w@privacy.gov.au,Male,Support,81724,Cogilith,Colmar,France
322,Skipton,Neal,sneal8x@gmpg.org,Female,Training,760824,Camido,Frankfurt am Main,Germany
323,Sara-ann,Beynon,sbeynon8y@ameblo.jp,Male,Services,105379,Omba,West End,United Kingdom
324,Porty,Hickenbottom,phickenbottom8z@hubpages.com,Female,Training,597846,Jaxbean,Twyford,United Kingdom
325,Rena,Gerrietz,rgerrietz90@123-reg.co.uk,Female,Sales,164531,Plambee,Rungis,France
326,Kayla,Cesco,kcesco91@japanpost.jp,Male,Research and Development,293974,Quimba,Greensboro,United States
327,Edd,Fredi,efredi92@edublogs.org,Female,Training,150401,Oozz,San Diego,United States
328,Micheline,Van Hesteren,mvanhesteren93@fda.gov,Female,Engineering,330420,Youopia,Rennes,France
329,Jobey,Kehir,jkehir94@npr.org,Male,Training,817796,Zoombox,München,Germany
330,Yolane,Toe,ytoe95@oaic.gov.au,Male,Sales,674496,Muxo,Paris 12,France
331,Bentley,Wakeling,bwakeling96@scribd.com,Male,Human Resources,435182,Topicstorm,Great Neck,United States
332,Roy,Mixhel,rmixhel97@sogou.com,Female,Legal,146710,Midel,Fresno,United States
333,Pryce,Timny,ptimny98@tiny.cc,Female,Marketing,788505,Riffpath,Le Blanc-Mesnil,France
334,Zitella,Attkins,zattkins99@huffingtonpost.com,Male,Research and Development,539119,Dabtype,Saint-Gratien,France
335,Jamil,Twycross,jtwycross9a@xrea.com,Female,Services,689249,Topicshots,Cottbus,Germany
336,Alex,Sturges,asturges9b@studiopress.com,Female,Research and Development,335425,Realfire,Pantin,France
337,Adler,Laight,alaight9c@sohu.com,Male,Legal,270822,Zoombeat,Houston,United States
338,Conroy,Mastrantone,cmastrantone9d@xinhuanet.com,Male,Services,738215,Mudo,Milwaukee,United States
339,Sissy,Berkowitz,sberkowitz9e@theguardian.com,Female,Services,735949,Photobug,Boise,United States
340,Catlaina,Kenworthey,ckenworthey9f@shinystat.com,Female,Marketing,514657,Quatz,Charlotte,United States
341,Shauna,Carnalan,scarnalan9g@hud.gov,Female,Business Development,544182,Feedspan,Paris 18,France
342,See,McCleod,smccleod9h@moonfruit.com,Male,Marketing,306064,Topicware,Spring,United States
343,Talyah,Middlewick,tmiddlewick9i@bloomberg.com,Female,Accounting,910777,Rhyzio,El Paso,United States
344,Risa,Walster,rwalster9j@pcworld.com,Male,Engineering,568994,Pixoboo,Fort Lauderdale,United States
345,Moria,Winterbottom,mwinterbottom9k@mapquest.com,Female,Marketing,168147,Minyx,Vichy,France
346,Chery,Shea,cshea9l@aol.com,Female,Sales,229276,Skinix,Périgueux,France
347,Lockwood,Folker,lfolker9m@google.ru,Male,Product Management,370294,Mudo,Jeffersonville,United States
348,Jessalin,Sawer,jsawer9n@scribd.com,Male,Support,512840,Browsedrive,Lille,France
349,Kyle,Dunnett,kdunnett9o@exblog.jp,Male,Services,231292,Yakidoo,Forbach,France
350,Shae,Izhak,sizhak9p@shop-pro.jp,Female,Training,127416,Eire,Springfield,United States
351,Janeen,Vicent,jvicent9q@auda.org.au,Female,Research and Development,725417,Browsedrive,Erfurt,Germany
352,Jilleen,Aveson,javeson9r@friendfeed.com,Male,Sales,402211,Trunyx,Charlotte,United States
353,Tomasine,Dive,tdive9s@webs.com,Female,Accounting,67236,Dabtype,Gap,France
354,Sherrie,Bogeys,sbogeys9t@va.gov,Male,Training,137176,Cogilith,Paris 15,France
355,Gianni,Patshull,gpatshull9u@themeforest.net,Male,Engineering,328208,Skinix,Cahors,France
356,Vern,Jaggar,vjaggar9v@census.gov,Female,Engineering,966986,Youspan,Alhambra,United States
357,Britt,Honnan,bhonnan9w@hexun.com,Female,Support,795853,Brightdog,Grenoble,France
358,Jennica,Veillard,jveillard9x@infoseek.co.jp,Male,Training,628058,Youfeed,Waco,United States
359,Brennen,Basden,bbasden9y@trellian.com,Male,Accounting,650939,Yabox,Nantes,France
360,Aurie,Spradbrow,aspradbrow9z@upenn.edu,Female,Product Management,504029,Shufflebeat,Grand Rapids,United States
361,Mile,Eddolls,meddollsa0@a8.net,Male,Marketing,115355,Eidel,Chesapeake,United States
362,Valina,Paumier,vpaumiera1@issuu.com,Male,Human Resources,227464,Mudo,Phoenix,United States
363,Perkin,Escreet,pescreeta2@theglobeandmail.com,Male,Training,718302,Topicware,Andrézieux-Bouthéon,France
364,Riordan,Hance,rhancea3@vk.com,Female,Accounting,566997,Kwinu,Torrance,United States
365,Peggy,Bernuzzi,pbernuzzia4@drupal.org,Female,Marketing,760021,Devify,Longwy,France
366,Evered,Vogele,evogelea5@amazon.de,Male,Support,302075,Eayo,Seattle,United States
367,Vincenz,Hunt,vhunta6@yelp.com,Female,Services,89833,Thoughtbeat,Toulouse,France
368,Flin,Rogister,frogistera7@zimbio.com,Female,Business Development,52328,Topiclounge,Houston,United States
369,Ephrem,Boddice,eboddicea8@pinterest.com,Male,Marketing,950953,Avamm,Anchorage,United States
370,Starla,Lequeux,slequeuxa9@moonfruit.com,Female,Sales,245455,Meetz,Sharjah,United Arab Emirates
371,Kane,Haithwaite,khaithwaiteaa@jimdo.com,Female,Accounting,645255,Zooveo,Bayonne,France
372,Cammy,Shadbolt,cshadboltab@taobao.com,Male,Human Resources,203721,Centidel,Erie,United States
373,Rochell,MacKaile,rmackaileac@photobucket.com,Female,Support,704623,Youbridge,Columbus,United States
374,Jeana,Issett,jissettad@google.it,Female,Marketing,889571,Blognation,Evansville,United States
375,Susanetta,Standley,sstandleyae@cyberchimps.com,Female,Engineering,886671,Talane,Granville,France
376,Jase,Maxwale,jmaxwaleaf@unesco.org,Female,Engineering,847696,Photobug,Philadelphia,United States
377,Lonny,Pflieger,lpfliegerag@dyndns.org,Male,Research and Development,45058,Zooxo,Wiesbaden,Germany
378,Norby,Krojn,nkrojnah@cdbaby.com,Female,Training,976845,Realbridge,Shreveport,United States
379,Lauretta,Colpus,lcolpusai@timesonline.co.uk,Male,Services,630354,Meemm,Nice,France
380,Nye,Dinning,ndinningaj@com.com,Male,Marketing,39168,Eamia,Baton Rouge,United States
381,Almeda,Bruckent,abruckentak@chron.com,Male,Support,682783,Babbleopia,Massy,France
382,Barnie,Guitel,bguitelal@dot.gov,Female,Research and Development,660646,Meezzy,Billings,United States
383,Red,Reggler,rreggleram@trellian.com,Female,Marketing,801247,Tagtune,Cergy-Pontoise,France
384,Kendre,Ketchen,kketchenan@psu.edu,Female,Marketing,462240,Blogpad,London,United Kingdom
385,Sigvard,Suthworth,ssuthworthao@ustream.tv,Female,Research and Development,237159,Yacero,Bayonne,France
386,Slade,de Verson,sdeversonap@google.nl,Male,Engineering,255986,Ntags,Caen,France
387,Abrahan,Orrell,aorrellaq@wordpress.com,Male,Business Development,659453,Oyope,Young America,United States
388,Cherry,Barfield,cbarfieldar@de.vu,Female,Business Development,424532,Kare,Rungis,France
389,Flynn,Garlinge,fgarlingeas@dailymail.co.uk,Male,Legal,59122,Digitube,Buffalo,United States
390,Jena,Sheridan,jsheridanat@wired.com,Female,Training,534212,Nlounge,Croix,France
391,Faythe,Fookes,ffookesau@whitehouse.gov,Female,Human Resources,13297,Skiba,Roanoke,United States
392,Jud,Roskell,jroskellav@hc360.com,Female,Product Management,56395,Meemm,Des Moines,United States
393,Briant,Higginbottam,bhigginbottamaw@ft.com,Male,Product Management,820162,Leexo,Roissy Charles-de-Gaulle,France
394,Dru,Calderwood,dcalderwoodax@nbcnews.com,Male,Training,317221,Yabox,Gary,United States
395,Corny,Siverns,csivernsay@statcounter.com,Female,Legal,899932,Skyvu,Rueil-Malmaison,France
396,Anallise,Bere,abereaz@biblegateway.com,Male,Business Development,825506,Linktype,Saint-Égrève,France
397,Lauri,Ayling,laylingb0@google.com.hk,Female,Engineering,503831,Vinte,Romorantin-Lanthenay,France
398,Kristy,Franciskiewicz,kfranciskiewiczb1@icq.com,Male,Marketing,612583,Rhyzio,Angers,France
399,Vikki,Besnardeau,vbesnardeaub2@irs.gov,Male,Support,292440,Dazzlesphere,Charlotte,United States
400,Bella,Sherrington,bsherringtonb3@miitbeian.gov.cn,Female,Engineering,440637,Agimba,Sainte-Luce-sur-Loire,France
401,Kendall,Bonifazio,kbonifaziob4@newsvine.com,Female,Research and Development,506913,Chatterpoint,San Francisco,United States
402,Alec,Bosche,aboscheb5@jugem.jp,Male,Marketing,283219,Meeveo,Grenoble,France
403,Sandra,Bottby,sbottbyb6@virginia.edu,Male,Support,163103,Zoombox,Moulins,France
404,Shena,Gravett,sgravettb7@npr.org,Female,Support,817932,Oloo,Boston,United States
405,Cele,Calvey,ccalveyb8@usnews.com,Female,Services,876365,Yamia,Seattle,United States
406,Bathsheba,Yakolev,byakolevb9@dmoz.org,Male,Human Resources,655952,Skalith,Nîmes,France
407,Zackariah,Priddle,zpriddleba@miitbeian.gov.cn,Female,Accounting,598935,Skajo,Metz,France
408,Heida,Bustin,hbustinbb@ebay.com,Female,Services,896837,Roomm,Strasbourg,France
409,Arri,Sotham,asothambc@twitter.com,Female,Research and Development,741998,Meembee,Pontivy,France
410,Nick,Gallaher,ngallaherbd@storify.com,Male,Engineering,248007,Meemm,Chalon-sur-Saône,France
411,Carey,Johnsey,cjohnseybe@irs.gov,Male,Research and Development,694218,Wordify,Berlin,Germany
412,Daisy,Mordanti,dmordantibf@xinhuanet.com,Female,Engineering,328221,Livefish,Tallahassee,United States
413,Freddy,Farrens,ffarrensbg@dedecms.com,Female,Accounting,469043,Cogilith,Chicago,United States
414,Celestina,Frenzel;,cfrenzelbh@topsy.com,Female,Support,860993,Dabshots,Garden Grove,United States
415,Roger,Naisby,rnaisbybi@hugedomains.com,Female,Legal,433233,Mybuzz,Linton,United Kingdom
416,Tobi,Medmore,tmedmorebj@mozilla.org,Female,Business Development,271265,Izio,Boca Raton,United States
417,Munmro,Koene,mkoenebk@friendfeed.com,Male,Support,529725,Fadeo,Rueil-Malmaison,France
418,Nydia,Berkely,nberkelybl@acquirethisname.com,Female,Business Development,630232,Twinder,Birmingham,United States
419,Charin,McSwan,cmcswanbm@statcounter.com,Female,Business Development,336469,Kwideo,Niort,France
420,Sally,Witnall,switnallbn@squarespace.com,Male,Support,399604,Realcube,Anchorage,United States
421,Andris,Croom,acroombo@ehow.com,Male,Support,845373,Thoughtbridge,Cedar Rapids,United States
422,Terrance,Matteini,tmatteinibp@paypal.com,Female,Marketing,657029,Feedmix,Cincinnati,United States
423,Lukas,Ruoff,lruoffbq@moonfruit.com,Male,Product Management,680661,Shufflester,Los Angeles,United States
424,Dani,McGeaney,dmcgeaneybr@so-net.ne.jp,Male,Business Development,602859,Twitternation,Bronx,United States
425,Marys,Dolle,mdollebs@adobe.com,Female,Sales,812384,Yodel,Reims,France
426,Lou,Denis,ldenisbt@alexa.com,Male,Training,981778,Roodel,Roubaix,France
427,Dionne,Peeter,dpeeterbu@harvard.edu,Female,Engineering,283095,Yakijo,Cournon-d'Auvergne,France
428,Frank,Mounsey,fmounseybv@java.com,Female,Training,679630,Gigazoom,Charenton-le-Pont,France
429,Bibby,Fennelow,bfennelowbw@spotify.com,Female,Training,690570,Yodel,Sotteville-lès-Rouen,France
430,Robbert,Chiswell,rchiswellbx@auda.org.au,Female,Engineering,965430,Photolist,Lyon,France
431,Clayborne,Hammarberg,chammarbergby@hud.gov,Female,Research and Development,886408,Twitterlist,Lavaur,France
432,Cross,Whitelaw,cwhitelawbz@narod.ru,Male,Training,338130,Yakitri,Washington,United States
433,Rorke,MacCague,rmaccaguec0@alibaba.com,Male,Product Management,453899,Gigabox,New Brunswick,United States
434,Megan,Cattonnet,mcattonnetc1@boston.com,Male,Legal,208815,Babbleblab,Humble,United States
435,Phelia,Bedinham,pbedinhamc2@nationalgeographic.com,Male,Engineering,482390,Leenti,Paris 04,France
436,Tammie,Eilhermann,teilhermannc3@cocolog-nifty.com,Male,Training,740103,Jetpulse,Asheville,United States
437,Rozamond,McGarva,rmcgarvac4@weibo.com,Female,Services,712032,Edgeclub,El Paso,United States
438,Babbie,Bealing,bbealingc5@indiegogo.com,Male,Legal,7079,Centizu,Sacramento,United States
439,Stephenie,Josifovic,sjosifovicc6@unc.edu,Male,Services,850673,Thoughtstorm,Saint-Quentin-en-Yvelines,France
440,Winifred,Scotsbrook,wscotsbrookc7@eventbrite.com,Male,Sales,73242,Tagpad,Niort,France
441,Verine,Chiene,vchienec8@tiny.cc,Female,Engineering,151547,Pixonyx,Düsseldorf,Germany
442,Carlina,Gadney,cgadneyc9@cbslocal.com,Female,Legal,756112,Twimbo,Aubagne,France
443,Vicki,Pollak,vpollakca@unesco.org,Male,Engineering,963397,Oyope,Pont-à-Mousson,France
444,Jeth,Moodie,jmoodiecb@printfriendly.com,Female,Support,242938,Tagtune,Ajaccio,France
445,Gilligan,Taplow,gtaplowcc@shop-pro.jp,Male,Accounting,427854,Avamba,Woippy,France
446,Eddy,Breeze,ebreezecd@taobao.com,Male,Sales,978426,Twitternation,Caen,France
447,Pail,Brammer,pbrammerce@spotify.com,Female,Support,818048,Eayo,La Ferté-Bernard,France
448,Milena,Casacchia,mcasacchiacf@guardian.co.uk,Male,Business Development,104148,Vipe,Rochester,United States
449,Cassandre,Coalburn,ccoalburncg@sciencedirect.com,Male,Services,210307,Brainverse,Arlington,United States
450,Roddie,Pallatina,rpallatinach@wp.com,Female,Services,852457,Rhynyx,Miami,United States
451,Kimberly,Liccardo,kliccardoci@smugmug.com,Female,Sales,672665,Meejo,Orlando,United States
452,Ethe,Warbrick,ewarbrickcj@technorati.com,Female,Support,909537,Fivebridge,Nancy,France
453,Hagan,Churn,hchurnck@sciencedaily.com,Female,Human Resources,281661,Blogpad,Paris 14,France
454,Lulu,Cramphorn,lcramphorncl@nationalgeographic.com,Male,Accounting,79061,Fliptune,Danbury,United States
455,Janette,Gon,jgoncm@youtube.com,Male,Marketing,877085,Trudoo,Roissy Charles-de-Gaulle,France
456,Cathi,Lovatt,clovattcn@1688.com,Female,Sales,457742,Kayveo,Le Mans,France
457,Rafaelita,Barrowcliffe,rbarrowcliffeco@twitpic.com,Female,Legal,543452,Pixope,Val-de-Reuil,France
458,Alaine,Dorie,adoriecp@ezinearticles.com,Female,Product Management,330400,Zava,Suresnes,France
459,Therese,Blore,tblorecq@bbc.co.uk,Female,Research and Development,57568,Agivu,Greensboro,United States
460,Damita,Barkaway,dbarkawaycr@ft.com,Female,Engineering,216116,Tagcat,Tullich,United Kingdom
461,Fancie,Sharpless,fsharplesscs@harvard.edu,Male,Business Development,56620,Trunyx,Strasbourg,France
462,Marlin,Foldes,mfoldesct@shinystat.com,Female,Business Development,146638,Jabbersphere,Trélissac,France
463,Walker,Gillimgham,wgillimghamcu@posterous.com,Female,Training,421271,Skyba,Seattle,United States
464,Corbett,Wiffield,cwiffieldcv@cpanel.net,Female,Support,749237,Kanoodle,Washington,United States
465,Anna-diane,Lockyer,alockyercw@yelp.com,Male,Engineering,914410,Jamia,Marne-la-Vallée,France
466,Rayna,Vassall,rvassallcx@nature.com,Female,Product Management,579741,Brainbox,Strasbourg,France
467,Asa,Wiggins,awigginscy@ask.com,Female,Sales,624266,Aimbu,Tucson,United States
468,Milka,Ohm,mohmcz@jugem.jp,Male,Sales,967446,Twimm,Périgny,France
469,Cecilla,Fair,cfaird0@livejournal.com,Female,Marketing,389690,Snaptags,Paris 16,France
470,Sheree,Blakden,sblakdend1@cloudflare.com,Female,Training,240351,Shufflester,La Rochelle,France
471,Valdemar,Streater,vstreaterd2@adobe.com,Female,Legal,425162,Oba,Dallas,United States
472,Elysee,Baudasso,ebaudassod3@google.com.au,Male,Support,692196,Thoughtstorm,Nantes,France
473,Nerta,Gymlett,ngymlettd4@huffingtonpost.com,Female,Business Development,874723,Quaxo,Creil,France
474,Chic,Stickney,cstickneyd5@a8.net,Female,Marketing,698073,Meezzy,Annecy-le-Vieux,France
475,Collin,O'Shaughnessy,coshaughnessyd6@list-manage.com,Female,Engineering,337912,Linklinks,Ashley,United Kingdom
476,Balduin,Waghorne,bwaghorned7@usda.gov,Female,Training,357960,Wordtune,Cergy-Pontoise,France
477,Beverie,Pagan,bpagand8@myspace.com,Female,Training,648832,Feedfire,Charlotte,United States
478,Ly,Simacek,lsimacekd9@abc.net.au,Male,Accounting,687088,Aibox,Milwaukee,United States
479,Matthias,Breazeall,mbreazeallda@goo.ne.jp,Female,Business Development,192092,Thoughtsphere,Houston,United States
480,Isa,Dayly,idaylydb@moonfruit.com,Male,Research and Development,547079,Shufflester,East End,United Kingdom
481,Karlis,Slaght,kslaghtdc@epa.gov,Female,Legal,189641,Cogidoo,Colorado Springs,United States
482,Augustina,Cicci,aciccidd@dmoz.org,Female,Sales,863379,Wikivu,Carlton,United Kingdom
483,Dona,Scarisbrick,dscarisbrickde@histats.com,Male,Services,998140,Yakitri,Châteauroux,France
484,Odella,Trewman,otrewmandf@goodreads.com,Male,Services,189392,Zoombeat,Puteaux,France
485,Papageno,Yerrill,pyerrilldg@stumbleupon.com,Female,Marketing,572152,Midel,Kansas City,United States
486,Georgetta,Breinlein,gbreinleindh@blog.com,Female,Sales,684530,Eazzy,Sedan,France
487,Keefe,Gajewski,kgajewskidi@springer.com,Male,Services,337928,Plajo,Orly,France
488,Analiese,Nerney,anerneydj@ifeng.com,Male,Sales,816752,Zoomzone,Vernon,France
489,Mikey,Jeaffreson,mjeaffresondk@4shared.com,Male,Services,37852,Demimbu,Las Cruces,United States
490,Cymbre,Friman,cfrimandl@ft.com,Female,Training,925409,Tagopia,Erie,United States
491,Marylinda,Aberdein,maberdeindm@t-online.de,Male,Accounting,744462,Rhyloo,Le Mans,France
492,Herve,Brothers,hbrothersdn@nba.com,Male,Accounting,873261,Twinte,Goussainville,France
493,Frants,Greeding,fgreedingdo@netvibes.com,Female,Engineering,375498,Talane,Chicago,United States
494,Fielding,Lockner,flocknerdp@taobao.com,Male,Product Management,234226,Rhynoodle,New York City,United States
495,Lizzie,Elies,leliesdq@reddit.com,Male,Support,344978,Ntags,Saint-Avertin,France
496,Gretal,Craister,gcraisterdr@flavors.me,Female,Sales,383180,Mycat,Richmond,United States
497,Nicholas,Bourrel,nbourrelds@yandex.ru,Male,Training,69418,Realcube,Nanterre,France
498,Reinold,Como,rcomodt@hao123.com,Male,Research and Development,968823,Layo,Olympia,United States
499,Constantine,Cammis,ccammisdu@ftc.gov,Male,Accounting,918399,Minyx,Rungis,France
500,Marlin,Ivashkin,mivashkindv@statcounter.com,Male,Training,998801,Voomm,Marseille,France
501,Haskel,Hupe,hhupedw@cam.ac.uk,Male,Human Resources,467943,Youtags,Orléans,France
502,Raoul,Sydney,rsydneydx@cmu.edu,Female,Sales,764689,Latz,Montpellier,France
503,Florri,Gitsham,fgitshamdy@businessinsider.com,Female,Accounting,800748,Photospace,Orléans,France
504,Cosmo,Guyers,cguyersdz@about.com,Male,Engineering,704147,Avamba,Grand Rapids,United States
505,Alessandra,Deniso,adenisoe0@fotki.com,Female,Research and Development,768626,Layo,Rungis,France
506,Ted,Dunnet,tdunnete1@addtoany.com,Male,Support,514530,Camimbo,Dinan,France
507,Amalea,Laight,alaighte2@unesco.org,Male,Accounting,510724,Kimia,Blois,France
508,Valenka,Hollyland,vhollylande3@skype.com,Male,Sales,900950,Skyvu,Lyon,France
509,Sandy,Jude,sjudee4@usda.gov,Male,Legal,807225,Wikido,Nantes,France
510,Allianora,Monahan,amonahane5@dailymotion.com,Female,Marketing,911187,Eidel,Vandœuvre-lès-Nancy,France
511,Brit,Dorracott,bdorracotte6@spiegel.de,Female,Marketing,528465,Tanoodle,Los Angeles,United States
512,Imelda,Durand,idurande7@yandex.ru,Male,Support,959506,Feedbug,Grand Junction,United States
513,Dell,Dewey,ddeweye8@ucsd.edu,Male,Support,839227,Devpulse,Delray Beach,United States
514,Florrie,Mingasson,fmingassone9@123-reg.co.uk,Male,Training,626275,Oyoba,Lansing,United States
515,Joni,Christaeas,jchristaeasea@freewebs.com,Male,Sales,342348,Eayo,Kinloch,United Kingdom
516,Carie,Puffett,cpuffetteb@miitbeian.gov.cn,Female,Services,196011,Tambee,Harrisburg,United States
517,Lanita,Hellis,lhellisec@ucoz.com,Male,Services,780068,Browsezoom,Saint-Fargeau-Ponthierry,France
518,Berget,Banbury,bbanburyed@multiply.com,Female,Engineering,464722,Jaxbean,Bradford,United Kingdom
519,Lindsey,McCrone,lmccroneee@163.com,Male,Support,641215,Voolith,Seattle,United States
520,Alaster,Abraham,aabrahamef@tiny.cc,Male,Business Development,932220,Roodel,Dortmund,Germany
521,Leonardo,Paige,lpaigeeg@etsy.com,Male,Support,144073,Thoughtbridge,New Orleans,United States
522,Kennedy,Agott,kagotteh@dot.gov,Male,Human Resources,219063,Flashpoint,Naples,United States
523,Lauryn,Turfrey,lturfreyei@blogger.com,Female,Services,203423,Babbleset,Pontarlier,France
524,Gladys,Domleo,gdomleoej@google.fr,Male,Engineering,165290,Ooba,Humble,United States
525,Frederick,Nardoni,fnardoniek@woothemes.com,Male,Engineering,858792,Kwideo,New York City,United States
526,Abbie,Titt,atittel@telegraph.co.uk,Female,Engineering,524909,Yamia,Pantin,France
527,Zeke,Shelley,zshelleyem@constantcontact.com,Male,Accounting,352442,Eamia,Charlton,United Kingdom
528,Gawain,Oglevie,goglevieen@mac.com,Male,Support,198600,Demivee,Tacoma,United States
529,Tamarra,Feeney,tfeeneyeo@wp.com,Male,Marketing,12947,Vinder,Paris 16,France
530,Linnie,Bronger,lbrongerep@cloudflare.com,Male,Business Development,81067,Ooba,Sceaux,France
531,Isa,Ibbett,iibbetteq@dmoz.org,Male,Engineering,178733,Janyx,Limoges,France
532,Elyn,Gilburt,egilburter@nytimes.com,Male,Accounting,73149,Zoomlounge,Inglewood,United States
533,Agatha,Bishell,abishelles@ucla.edu,Male,Human Resources,239780,Dabvine,Minneapolis,United States
534,Tedmund,Fursse,tfursseet@comsenz.com,Male,Accounting,363565,Voomm,Roanoke,United States
535,Link,Seadon,lseadoneu@blogtalkradio.com,Male,Business Development,353328,Babbleset,Paris La Défense,France
536,Petronille,Ebbitt,pebbittev@google.com.au,Female,Engineering,258040,Muxo,Rennes,France
537,York,Kinman,ykinmanew@mapy.cz,Female,Sales,332989,Zoombeat,Le Havre,France
538,Woodrow,Preble,wprebleex@surveymonkey.com,Female,Services,882226,Jamia,Avignon,France
539,Emogene,Clinnick,eclinnickey@booking.com,Male,Business Development,522372,Realbridge,Macon,United States
540,Sarene,Pagnin,spagninez@pen.io,Male,Business Development,612586,Myworks,Philadelphia,United States
541,Dorella,Craigs,dcraigsf0@epa.gov,Male,Accounting,446180,Yozio,Burnside,United Kingdom
542,Ranice,Blakeney,rblakeneyf1@rakuten.co.jp,Female,Human Resources,963582,Ainyx,Flers,France
543,Crysta,Damper,cdamperf2@stumbleupon.com,Male,Marketing,683953,Vinte,Flushing,United States
544,Rhodie,Dike,rdikef3@prnewswire.com,Male,Human Resources,608921,Geba,Saint-Malo,France
545,Roddy,Dale,rdalef4@nbcnews.com,Female,Training,912660,Zoonoodle,Roanoke,United States
546,Hobie,Petkens,hpetkensf5@sakura.ne.jp,Male,Accounting,303475,Oba,Dibba Al-Hisn,United Arab Emirates
547,Fey,Parradice,fparradicef6@mediafire.com,Male,Sales,933462,Tazzy,Valence,France
548,Gill,Cluer,gcluerf7@theatlantic.com,Female,Research and Development,598058,Browsetype,Sadar Bazar,India
549,Levin,Capsey,lcapseyf8@github.io,Male,Training,169840,Avamba,Cergy-Pontoise,France
550,Simonette,Guerro,sguerrof9@china.com.cn,Male,Support,882403,Realcube,Chicago,United States
551,Tammie,Sterricks,tsterricksfa@yellowpages.com,Female,Services,367143,Oba,Istres,France
552,Clarance,Sainsbury-Brown,csainsburybrownfb@studiopress.com,Female,Accounting,26855,Thoughtbeat,Nanterre,France
553,Nicolas,Libermore,nlibermorefc@geocities.jp,Male,Accounting,198575,Dabfeed,San Antonio,United States
554,Anthe,Fearne,afearnefd@dailymotion.com,Female,Marketing,719340,Tekfly,Neuilly-sur-Seine,France
555,Curcio,Bello,cbellofe@cdbaby.com,Male,Engineering,26682,Cogidoo,Marseille,France
556,Joanna,Cator,jcatorff@canalblog.com,Male,Business Development,956313,Zoozzy,Cergy-Pontoise,France
557,Berti,Bonfield,bbonfieldfg@reverbnation.com,Female,Training,981155,Aivee,Weston,United Kingdom
558,Edlin,Sodor,esodorfh@altervista.org,Male,Support,697923,Buzzbean,Lynchburg,United States
559,Justine,Illes,jillesfi@shop-pro.jp,Female,Accounting,57944,Buzzshare,Vineuil,France
560,Brear,Androletti,bandrolettifj@cnn.com,Female,Research and Development,419117,Aivee,Madison,United States
561,Kizzee,Minghetti,kminghettifk@admin.ch,Male,Marketing,754001,Buzzshare,Orléans,France
562,Jehu,Gentreau,jgentreaufl@house.gov,Male,Services,306988,Digitube,Paris 13,France
563,Nicky,Ivanishchev,nivanishchevfm@ft.com,Female,Accounting,890353,Jabberstorm,Saint-Julien-en-Genevois,France
564,Ollie,Dulling,odullingfn@github.io,Female,Sales,428341,Yadel,Mainz,Germany
565,Katharyn,Ashingden,kashingdenfo@lulu.com,Female,Human Resources,411140,InnoZ,Voiron,France
566,Shanda,Willoughey,swillougheyfp@acquirethisname.com,Female,Legal,737821,Yabox,Saint-Brieuc,France
567,Candida,Bunney,cbunneyfq@gov.uk,Male,Engineering,789263,Ntag,Toulouse,France
568,Katy,Petri,kpetrifr@plala.or.jp,Male,Engineering,621701,Jaxbean,Saint Louis,United States
569,Bordie,Tolman,btolmanfs@omniture.com,Male,Accounting,827332,Gabvine,Paris 08,France
570,Curcio,Kubal,ckubalft@wiley.com,Male,Product Management,88293,Skilith,Paris 07,France
571,Beryle,Mackiewicz,bmackiewiczfu@pagesperso-orange.fr,Female,Research and Development,269923,Skyndu,München,Germany
572,Dede,Chapple,dchapplefv@angelfire.com,Male,Human Resources,469827,Rhyzio,Lyon,France
573,Osborn,Gorry,ogorryfw@disqus.com,Female,Sales,33038,Yambee,Paris 19,France
574,Thorndike,La Wille,tlawillefx@privacy.gov.au,Female,Human Resources,904764,Kazu,Saint-Quentin,France
575,Sheela,Swafield,sswafieldfy@furl.net,Female,Human Resources,171683,Dynava,Shawnee Mission,United States
576,Jerry,Vitler,jvitlerfz@mashable.com,Male,Sales,993936,Jatri,Vitry-le-François,France
577,Moishe,Hasty,mhastyg0@auda.org.au,Male,Engineering,659403,Skyba,Montélimar,France
578,Archer,Haddick,ahaddickg1@symantec.com,Female,Services,244566,Oloo,Saint-Jean-de-Braye,France
579,Kimmi,Kington,kkingtong2@ning.com,Female,Support,705283,Skinte,Laval,France
580,Ibrahim,Boorman,iboormang3@engadget.com,Female,Services,280551,Mynte,Toulon,France
581,Elnore,Blunden,eblundeng4@ucoz.com,Female,Human Resources,155623,Tagfeed,Évry,France
582,Thorn,Bowdon,tbowdong5@ask.com,Female,Marketing,282506,Buzzdog,Maubeuge,France
583,Mata,Guillart,mguillartg6@telegraph.co.uk,Female,Support,625642,Flipstorm,Kansas City,United States
584,Lenka,Vagg,lvaggg7@elegantthemes.com,Male,Legal,493730,Kamba,Yonkers,United States
585,Victoria,Fahrenbach,vfahrenbachg8@economist.com,Female,Legal,243817,Ozu,Rumilly,France
586,Mady,Lindenfeld,mlindenfeldg9@cyberchimps.com,Male,Human Resources,552746,Digitube,Jackson,United States
587,Sydney,Benstead,sbensteadga@about.com,Male,Business Development,40923,Jatri,Huntington Beach,United States
588,Burnaby,Edler,bedlergb@imdb.com,Male,Engineering,782871,Jabberstorm,Austin,United States
589,Rozalie,Ganning,rganninggc@vk.com,Female,Product Management,612950,Roomm,Austin,United States
590,Scott,Bannister,sbannistergd@ovh.net,Female,Human Resources,470943,Zoonoodle,Inglewood,United States
591,Kirsten,Saywood,ksaywoodge@51.la,Female,Marketing,640783,Skimia,Paris 14,France
592,Mathilde,Carous,mcarousgf@jalbum.net,Male,Product Management,643853,Fliptune,Philadelphia,United States
593,Alvera,Aldus,aaldusgg@jalbum.net,Female,Accounting,874115,Dynabox,Calais,France
594,Haslett,Cosker,hcoskergh@cloudflare.com,Female,Services,205646,Skipstorm,Carcassonne,France
595,Prince,Safhill,psafhillgi@squidoo.com,Female,Research and Development,560969,BlogXS,Washington,United States
596,Lanny,Northing,lnorthinggj@archive.org,Female,Product Management,832793,Jayo,Miami,United States
597,Nona,Order,nordergk@pcworld.com,Female,Human Resources,378814,Centimia,Rueil-Malmaison,France
598,Norry,Brookwell,nbrookwellgl@gmpg.org,Male,Services,886451,Realcube,Bar-le-Duc,France
599,Lilias,Placido,lplacidogm@usnews.com,Female,Accounting,830549,Browsetype,Paris 18,France
600,Kaila,Ziemecki,kziemeckign@squidoo.com,Female,Legal,482519,Zooveo,Salinas,United States
601,Bernita,Arnaldi,barnaldigo@nationalgeographic.com,Female,Training,123225,Topicstorm,Toulon,France
602,Jordana,Hazeldene,jhazeldenegp@privacy.gov.au,Female,Business Development,33955,Dynabox,Orléans,France
603,Theressa,MacCafferky,tmaccafferkygq@sitemeter.com,Male,Human Resources,338843,Twimbo,Bagneux,France
604,Petey,Eagell,peagellgr@stumbleupon.com,Male,Research and Development,400786,Quatz,Avon,France
605,Ronny,Dilston,rdilstongs@cyberchimps.com,Female,Training,536199,Kwimbee,Quimper,France
606,Terra,Tight,ttightgt@imdb.com,Female,Research and Development,534815,Gabspot,Fresno,United States
607,Rozalie,Mellsop,rmellsopgu@pbs.org,Male,Legal,543938,Zoozzy,Lincoln,United States
608,Skipp,Taylot,staylotgv@tiny.cc,Male,Training,976914,Tagchat,Lorient,France
609,Sarah,Southerns,ssouthernsgw@google.es,Male,Engineering,941337,Edgeify,Little Rock,United States
610,Pearla,Jessen,pjessengx@feedburner.com,Male,Marketing,989385,Myworks,Amiens,France
611,Guillemette,Delahunty,gdelahuntygy@ox.ac.uk,Female,Research and Development,70079,Gigashots,West Palm Beach,United States
612,Jerri,Dahlen,jdahlengz@nps.gov,Male,Legal,978512,Browsecat,Omaha,United States
613,Waring,Hache,whacheh0@google.com.au,Male,Sales,731134,Eadel,Twyford,United Kingdom
614,Genevieve,Roubeix,groubeixh1@sphinn.com,Male,Product Management,981650,InnoZ,Le Bourget-du-Lac,France
615,Rolf,Corner,rcornerh2@adobe.com,Female,Product Management,814823,Edgeify,Pau,France
616,Therine,Mitchener,tmitchenerh3@answers.com,Male,Human Resources,620542,Tavu,Alexandria,United States
617,Prinz,Loddon,ploddonh4@bloglines.com,Female,Research and Development,540740,Livetube,Dijon,France
618,Darwin,Vice,dviceh5@rambler.ru,Male,Business Development,837155,Livefish,Newton,United Kingdom
619,Jedediah,Blague,jblagueh6@prnewswire.com,Female,Product Management,595186,Yambee,Newton,United Kingdom
620,Madeleine,O' Mullane,momullaneh7@netlog.com,Female,Services,749955,Roodel,Flushing,United States
621,Bud,Carlozzi,bcarlozzih8@mozilla.org,Male,Accounting,484747,Voonte,Roissy Charles-de-Gaulle,France
622,Roxane,Spindler,rspindlerh9@last.fm,Female,Marketing,218075,Realmix,Roubaix,France
623,Wang,Addinall,waddinallha@wsj.com,Male,Business Development,565968,Oyope,Decatur,United States
624,Rand,Sandcroft,rsandcrofthb@oaic.gov.au,Female,Sales,823275,Bubbletube,Saint Louis,United States
625,Mart,Capelen,mcapelenhc@biglobe.ne.jp,Male,Services,146909,Oozz,Sophia Antipolis,France
626,Ollie,Cloney,ocloneyhd@va.gov,Male,Product Management,275502,Minyx,Orlando,United States
627,Margarethe,Claw,mclawhe@sciencedaily.com,Male,Support,498022,Ntag,Clermont-Ferrand,France
628,Bertie,Gore,bgorehf@census.gov,Female,Marketing,993506,Zoombox,Brooklyn,United States
629,Ingeberg,Fright,ifrighthg@amazon.com,Female,Accounting,620025,Fatz,Clearwater,United States
630,Caroline,Dryburgh,cdryburghhh@diigo.com,Male,Accounting,639901,Miboo,Kingersheim,France
631,Harlie,Bowle,hbowlehi@reuters.com,Female,Services,539634,Devify,Caen,France
632,Angelica,Weiss,aweisshj@xrea.com,Male,Legal,528093,Topicblab,Honolulu,United States
633,Petronella,Tremelling,ptremellinghk@weather.com,Female,Human Resources,69252,Oyoyo,Würzburg,Germany
634,Fanchon,Brigstock,fbrigstockhl@drupal.org,Male,Services,763083,Teklist,Nîmes,France
635,Tilda,Bofield,tbofieldhm@gravatar.com,Male,Marketing,296636,Realfire,Houston,United States
636,Christa,Matzl,cmatzlhn@princeton.edu,Female,Support,920962,Eidel,Young America,United States
637,Tish,Eve,teveho@intel.com,Male,Accounting,775898,Eidel,Massy,France
638,Laryssa,Upfold,lupfoldhp@wordpress.com,Male,Services,443666,Tagtune,Greensboro,United States
639,Halie,Beardwood,hbeardwoodhq@parallels.com,Male,Services,348330,Eire,Saint-Quentin-en-Yvelines,France
640,Gennie,Gowers,ggowershr@nationalgeographic.com,Male,Training,726990,Livepath,Bourges,France
641,Marylinda,Meaker,mmeakerhs@wisc.edu,Male,Product Management,584126,Talane,Trenton,United States
642,Orbadiah,Seeds,oseedsht@cbslocal.com,Female,Engineering,240521,Blognation,Sarreguemines,France
643,Germain,Janczewski,gjanczewskihu@joomla.org,Female,Support,730270,Babblestorm,Poitiers,France
644,Raye,Paddefield,rpaddefieldhv@epa.gov,Male,Support,987884,Youspan,Wissembourg,France
645,Kiel,Yoxen,kyoxenhw@ebay.com,Male,Training,216295,Topicware,Amarillo,United States
646,Todd,Chinery,tchineryhx@tripadvisor.com,Female,Legal,702620,Babblestorm,Nancy,France
647,Kimbra,Djorevic,kdjorevichy@bravesites.com,Female,Engineering,969135,Skilith,Le Mans,France
648,Annamaria,Simcoe,asimcoehz@uiuc.edu,Female,Human Resources,806712,Edgeify,Huntsville,United States
649,Gray,Ortmann,gortmanni0@pbs.org,Male,Human Resources,248899,Blogpad,Hollywood,United States
650,Lorene,Diamond,ldiamondi1@biglobe.ne.jp,Male,Research and Development,520236,Flashspan,El Paso,United States
651,Sheila,Tunnah,stunnahi2@timesonline.co.uk,Male,Accounting,874362,Trupe,Saint-Brieuc,France
652,Phaidra,Seamer,pseameri3@aol.com,Male,Research and Development,829454,Thoughtblab,Montpellier,France
653,Maressa,Rampage,mrampagei4@ted.com,Male,Training,578417,Avamba,Puget-sur-Argens,France
654,Candice,Chinnock,cchinnocki5@friendfeed.com,Male,Human Resources,425894,Dynabox,Rennes,France
655,Tremain,Ariss,tarissi6@discovery.com,Female,Research and Development,445804,Jaloo,Wetzlar,Germany
656,Hi,McCalister,hmccalisteri7@washingtonpost.com,Male,Business Development,112370,Eadel,Paris 11,France
657,Antoni,Parman,aparmani8@icq.com,Female,Support,35507,Eadel,Baton Rouge,United States
658,Conney,Laurenz,claurenzi9@huffingtonpost.com,Male,Legal,893424,Skivee,Évry,France
659,Nicol,Cromer,ncromeria@cpanel.net,Male,Research and Development,61118,Wordware,Saint-Leu-la-Forêt,France
660,Rustin,Heardman,rheardmanib@google.nl,Female,Services,714247,Skinte,Chantilly,France
661,Stanly,Hedau,shedauic@goo.ne.jp,Male,Research and Development,273037,Topiclounge,Seattle,United States
662,Daisey,Chimenti,dchimentiid@networkadvertising.org,Male,Research and Development,446380,Quatz,Marseille,France
663,Halie,Bythell,hbythellie@jugem.jp,Female,Product Management,470253,Skidoo,Courbevoie,France
664,Mortimer,Hryniewicki,mhryniewickiif@ycombinator.com,Male,Sales,178611,Eidel,Parthenay,France
665,Carine,Trevers,ctreversig@scribd.com,Female,Services,594439,Vimbo,Angers,France
666,Odey,Senyard,osenyardih@un.org,Male,Research and Development,361370,Browsecat,Le Mans,France
667,Lauren,Wynch,lwynchii@vimeo.com,Male,Support,135613,Cogibox,Paris 01,France
668,Clarette,Loyns,cloynsij@dell.com,Female,Services,681466,Fiveclub,Cleveland,United States
669,Veronica,Bartod,vbartodik@clickbank.net,Male,Business Development,256052,Skalith,Nashville,United States
670,Sergent,Mayhew,smayhewil@elpais.com,Female,Marketing,19244,Flashpoint,Montgomery,United States
671,Lora,Hardern,lhardernim@sitemeter.com,Female,Marketing,347591,Jaxbean,Lillers,France
672,Lauretta,Goring,lgoringin@hugedomains.com,Female,Sales,755691,Jayo,Detroit,United States
673,Fiorenze,Roscrigg,froscriggio@linkedin.com,Male,Support,141496,JumpXS,Bezons,France
674,Florinda,Leschelle,fleschelleip@com.com,Female,Sales,154285,Browsebug,Lexington,United States
675,Robby,Freschi,rfreschiiq@senate.gov,Male,Research and Development,520309,Eire,Orange,France
676,Brent,Joslin,bjoslinir@theatlantic.com,Male,Accounting,932911,Jazzy,Reims,France
677,Ritchie,Januszewski,rjanuszewskiis@washingtonpost.com,Female,Accounting,96229,Zoonder,Mitry-Mory,France
678,Frederica,Alcott,falcottit@redcross.org,Male,Human Resources,861763,Shuffletag,Dunkerque,France
679,Jdavie,Hyett,jhyettiu@icio.us,Female,Sales,184902,Devify,Columbus,United States
680,Cloe,Theodore,ctheodoreiv@webmd.com,Male,Sales,968289,Myworks,Corpus Christi,United States
681,Iain,Gather,igatheriw@dyndns.org,Female,Marketing,230264,Bluejam,Claye-Souilly,France
682,Yurik,Mannagh,ymannaghix@ycombinator.com,Male,Product Management,412907,Innotype,Lyon,France
683,Holly-anne,Kamen,hkameniy@posterous.com,Female,Support,645347,Fivespan,Reims,France
684,Paulita,Storres,pstorresiz@altervista.org,Female,Services,491346,Aimbu,Minneapolis,United States
685,Nevsa,Trundell,ntrundellj0@friendfeed.com,Male,Product Management,671781,Yakidoo,Fosses,France
686,Gwenneth,Chestney,gchestneyj1@g.co,Male,Engineering,916814,Twitterbeat,Baton Rouge,United States
687,Brandtr,Parsand,bparsandj2@mlb.com,Male,Accounting,475409,Abatz,Boston,United States
688,Dodie,Dell'Abbate,ddellabbatej3@trellian.com,Male,Support,393415,Mudo,Arras,France
689,Renaldo,Bener,rbenerj4@eepurl.com,Female,Marketing,909117,Buzzbean,Strasbourg,France
690,Taddeo,Chadwin,tchadwinj5@photobucket.com,Male,Services,958111,Gabcube,Sainte-Geneviève-des-Bois,France
691,Chicky,Say,csayj6@youtu.be,Female,Legal,733335,Jamia,Shawnee Mission,United States
692,Jehanna,Farnworth,jfarnworthj7@newsvine.com,Male,Business Development,598921,Vipe,Chandler,United States
693,Monique,Perritt,mperrittj8@uiuc.edu,Male,Business Development,561801,Buzzbean,Colorado Springs,United States
694,Alva,McGarahan,amcgarahanj9@google.nl,Male,Marketing,541544,Vinte,Courbevoie,France
695,Esme,De Lacey,edelaceyja@oracle.com,Male,Human Resources,108986,Oloo,Inglewood,United States
696,Moria,Shillitoe,mshillitoejb@4shared.com,Male,Sales,468627,Youopia,Stamford,United States
697,Madelon,Annis,mannisjc@va.gov,Male,Human Resources,401749,Yata,Omaha,United States
698,Wynnie,Mushart,wmushartjd@cmu.edu,Female,Support,682029,Aimbo,Arcueil,France
699,Nikolia,Lefridge,nlefridgeje@techcrunch.com,Female,Research and Development,56108,Kwilith,Colorado Springs,United States
700,Oliver,Berrecloth,oberreclothjf@auda.org.au,Female,Engineering,997180,Miboo,Birmingham,United States
701,Whitby,Bellenger,wbellengerjg@ovh.net,Female,Legal,514343,Topicshots,Hannover,Germany
702,Milt,Fance,mfancejh@mayoclinic.com,Female,Research and Development,918807,Rhycero,San Jose,United States
703,Ashely,Widdop,awiddopji@weibo.com,Male,Engineering,114470,Reallinks,Honolulu,United States
704,Emmery,Verman,evermanjj@flickr.com,Male,Engineering,616109,Oyope,Cholet,France
705,Danni,Blind,dblindjk@hp.com,Female,Support,328237,Yamia,Le Mans,France
706,Estel,Enderson,eendersonjl@nature.com,Female,Training,996986,Pixonyx,Toulouse,France
707,Madel,Whibley,mwhibleyjm@businessinsider.com,Female,Marketing,919820,Jabbercube,Birmingham,United Kingdom
708,Ileana,Fownes,ifownesjn@freewebs.com,Female,Human Resources,934489,Rhybox,Le Mans,France
709,Freeman,Woodfine,fwoodfinejo@indiatimes.com,Female,Training,993241,Kayveo,Cergy-Pontoise,France
710,Neysa,Romke,nromkejp@xinhuanet.com,Male,Accounting,315282,Myworks,Irving,United States
711,Niven,Ladyman,nladymanjq@naver.com,Female,Legal,648670,Mudo,Caen,France
712,Julie,Docwra,jdocwrajr@dmoz.org,Female,Business Development,530454,Linklinks,Vincennes,France
713,Chip,Rainville,crainvillejs@skyrock.com,Female,Accounting,189601,Jayo,Rouen,France
714,Orelie,McNab,omcnabjt@guardian.co.uk,Female,Legal,315977,Brainlounge,San Diego,United States
715,Torie,Wylam,twylamju@taobao.com,Female,Training,447638,Youopia,Waterbury,United States
716,Camila,Sealove,csealovejv@mediafire.com,Female,Business Development,724273,Trudeo,Neuilly-sur-Seine,France
717,Marci,Bayston,mbaystonjw@bbc.co.uk,Female,Product Management,920116,Blognation,Norfolk,United States
718,Rosaleen,Ungerecht,rungerechtjx@mapquest.com,Male,Business Development,287423,Katz,Saint-Laurent-du-Var,France
719,Alysa,todor,atodorjy@archive.org,Female,Engineering,585984,Izio,Boston,United States
720,Yvonne,Ipsly,yipslyjz@pbs.org,Male,Human Resources,653739,Browsezoom,Boulogne-Billancourt,France
721,Dru,Bunston,dbunstonk0@dmoz.org,Female,Support,536629,Chatterbridge,Lons-le-Saunier,France
722,Torr,Kiloh,tkilohk1@bloglovin.com,Female,Business Development,437804,Browsedrive,Washington,United States
723,Verney,Fletcher,vfletcherk2@wikia.com,Female,Engineering,619670,Zooxo,Nantes,France
724,Giles,Bette,gbettek3@opensource.org,Female,Training,905507,Topiclounge,Muzayri‘,United Arab Emirates
725,Eudora,Tartt,etarttk4@cnet.com,Female,Product Management,878288,Edgetag,San Rafael,United States
726,Mariquilla,Jodkowski,mjodkowskik5@howstuffworks.com,Male,Human Resources,595781,Youspan,Vanves,France
727,Violetta,Titcomb,vtitcombk6@sourceforge.net,Male,Research and Development,154854,Vidoo,Berlin,Germany
728,Morrie,Sprigings,msprigingsk7@hp.com,Male,Engineering,824623,Photobean,Paris La Défense,France
729,Diannne,Button,dbuttonk8@com.com,Female,Legal,643911,DabZ,Milton,United Kingdom
730,Magda,Jakoubec,mjakoubeck9@disqus.com,Female,Legal,150081,Livetube,Washington,United States
731,Tiffani,Caves,tcaveska@example.com,Male,Business Development,878988,Livepath,Newark,United States
732,Franny,O' Meara,fomearakb@delicious.com,Male,Engineering,372326,Voonix,Roanoke,United States
733,Clarine,Raith,craithkc@wisc.edu,Male,Accounting,245881,Dynava,Issoudun,France
734,Claybourne,Lounds,cloundskd@symantec.com,Female,Human Resources,120090,Zoomlounge,Boca Raton,United States
735,Salvidor,Hrihorovich,shrihorovichke@java.com,Male,Accounting,713687,Centimia,Saint Paul,United States
736,Ulrika,Robker,urobkerkf@dion.ne.jp,Female,Engineering,88587,Quatz,Thionville,France
737,Welbie,Hansom,whansomkg@macromedia.com,Female,Research and Development,728103,Topdrive,Houston,United States
738,Ilario,Boshard,iboshardkh@cnn.com,Male,Accounting,478051,Twitterbeat,Wetzlar,Germany
739,Carmella,Drage,cdrageki@paginegialle.it,Female,Sales,406605,Jayo,Saint-Quentin,France
740,Alexa,McIlvenna,amcilvennakj@wikipedia.org,Male,Services,735471,Tekfly,Springfield,United States
741,Ivory,Lamblin,ilamblinkk@redcross.org,Female,Services,102211,Devbug,Huntington,United States
742,Brooks,Menlow,bmenlowkl@hibu.com,Female,Accounting,996882,Avamba,Sacramento,United States
743,Truda,Ramsden,tramsdenkm@alibaba.com,Male,Accounting,658040,Livepath,Futuroscope,France
744,Stanley,Oakenfull,soakenfullkn@hp.com,Female,Services,568341,Oyope,Oklahoma City,United States
745,Binny,Sheldrake,bsheldrakeko@purevolume.com,Male,Marketing,924345,Topiczoom,Fécamp,France
746,Syman,Hartness,shartnesskp@paginegialle.it,Male,Training,766512,Kwideo,Arras,France
747,Rubin,Ianson,riansonkq@blinklist.com,Female,Services,215620,Bubblebox,Hamburg,Germany
748,Berk,Hannaford,bhannafordkr@lulu.com,Male,Business Development,630437,Yabox,Berlin,Germany
749,Dur,Markovic,dmarkovicks@virginia.edu,Female,Business Development,942752,Voomm,Cavaillon,France
750,Hilliary,Lansberry,hlansberrykt@dot.gov,Male,Research and Development,968756,Agimba,Vannes,France
751,Iorgo,Di Biaggi,idibiaggiku@wix.com,Female,Product Management,706028,Tazz,Cran-Gevrier,France
752,Caprice,Oakenfull,coakenfullkv@purevolume.com,Female,Legal,658969,Fliptune,Clearwater,United States
753,Sherlocke,Soff,ssoffkw@nps.gov,Female,Training,747326,Tazzy,Louisville,United States
754,Wanids,Poff,wpoffkx@photobucket.com,Female,Legal,518545,Shuffletag,El Paso,United States
755,Worden,Colloff,wcolloffky@elegantthemes.com,Male,Legal,232157,Voolith,Memphis,United States
756,Thaddus,Bonus,tbonuskz@disqus.com,Male,Accounting,465789,Tagopia,Hénin-Beaumont,France
757,Corabel,Becerro,cbecerrol0@ebay.com,Female,Legal,353749,Wikizz,Hamburg Harvestehude,Germany
758,Analise,Hidderley,ahidderleyl1@unblog.fr,Female,Support,175365,Ailane,Montluçon,France
759,Shel,Rowett,srowettl2@discovery.com,Male,Training,153299,Twiyo,San Jose,United States
760,Antonia,Screase,ascreasel3@arstechnica.com,Male,Support,143412,Demivee,Saverne,France
761,Skyler,Matsell,smatselll4@cbslocal.com,Female,Business Development,697974,Devcast,Sedan,France
762,Roxi,Paulisch,rpaulischl5@etsy.com,Female,Support,853801,Centimia,Mulhouse,France
763,Estrellita,Hurcombe,ehurcombel6@google.ca,Female,Accounting,250840,Jaloo,La Gacilly,France
764,Dorothy,Decreuze,ddecreuzel7@xinhuanet.com,Male,Training,26290,Meembee,Lexington,United States
765,Mitchael,Raubenheim,mraubenheiml8@mashable.com,Female,Research and Development,468385,Yabox,Aix-en-Provence,France
766,Cherilynn,Sherwin,csherwinl9@state.tx.us,Male,Engineering,496577,Oyoba,Paris 08,France
767,Gregoor,Haddrell,ghaddrellla@senate.gov,Female,Support,889386,Plajo,Little Rock,United States
768,Gussy,Fender,gfenderlb@xinhuanet.com,Male,Marketing,547783,Twitterworks,La Rochelle,France
769,Geri,Ashburne,gashburnelc@bbb.org,Female,Research and Development,528654,Voonder,Salt Lake City,United States
770,Beryle,Sudddard,bsudddardld@weebly.com,Male,Sales,109853,Skiba,Annecy-le-Vieux,France
771,Heath,Rickarsey,hrickarseyle@people.com.cn,Female,Marketing,227310,Flashspan,El Paso,United States
772,Gwendolen,Monelle,gmonellelf@symantec.com,Male,Support,67878,Vinder,Versailles,France
773,Cris,Buswell,cbuswelllg@hao123.com,Female,Support,387698,Riffpath,Senlis,France
774,Derril,Sapwell,dsapwelllh@altervista.org,Male,Engineering,418540,Livetube,Colombes,France
775,Nesta,Jaggers,njaggersli@army.mil,Male,Sales,404857,Rhycero,Sioux Falls,United States
776,Allys,Nowlan,anowlanlj@bing.com,Male,Support,196528,Linkbuzz,Saint-Denis,France
777,Deanne,Makinson,dmakinsonlk@epa.gov,Female,Legal,19199,Mynte,Nashville,United States
778,Leeland,Norcock,lnorcockll@nydailynews.com,Female,Business Development,765184,Vinte,Le Havre,France
779,Angel,Gonsalvez,agonsalvezlm@admin.ch,Female,Product Management,728807,Myworks,New York City,United States
780,Euell,Orr,eorrln@digg.com,Male,Services,845396,Blogtag,Monroe,United States
781,Constantino,Goodwins,cgoodwinslo@ask.com,Female,Product Management,314913,Voolith,Orléans,France
782,Candi,Willmot,cwillmotlp@reference.com,Male,Sales,67242,Thoughtstorm,Columbia,United States
783,Dunc,Longstreeth,dlongstreethlq@shop-pro.jp,Male,Product Management,641365,Shufflebeat,Cagnes-sur-Mer,France
784,Odelle,Peche,opechelr@hostgator.com,Male,Accounting,723074,Avaveo,Montfort-sur-Meu,France
785,Reid,Scorton,rscortonls@go.com,Male,Support,560739,Avamm,Fort Lauderdale,United States
786,Chrissie,Farrin,cfarrinlt@examiner.com,Male,Legal,563794,Mita,Kansas City,United States
787,Millard,Chicchetto,mchicchettolu@marketwatch.com,Male,Sales,776758,Gabspot,Reston,United States
788,Devonna,Darwin,ddarwinlv@scribd.com,Male,Human Resources,911691,Devshare,Lyon,France
789,Calv,Leith,cleithlw@china.com.cn,Male,Legal,708583,Riffpath,Paris 18,France
790,Anastasia,Gilcriest,agilcriestlx@adobe.com,Male,Research and Development,982691,Kwideo,Flushing,United States
791,Myrvyn,McCrostie,mmccrostiely@npr.org,Male,Training,47625,Nlounge,Waterbury,United States
792,Haily,Burnell,hburnelllz@amazon.com,Female,Accounting,259873,Vinder,Springfield,United States
793,Roseanna,Battisson,rbattissonm0@newsvine.com,Female,Training,907639,Realpoint,Vanves,France
794,Lek,McMahon,lmcmahonm1@4shared.com,Female,Legal,24962,Mudo,Cumming,United States
795,Waiter,Hadlee,whadleem2@smh.com.au,Male,Human Resources,111081,InnoZ,Thorpe,United Kingdom
796,Margy,Halesworth,mhalesworthm3@arizona.edu,Female,Research and Development,563723,Bluejam,Hamburg Winterhude,Germany
797,Kelwin,Saltmarshe,ksaltmarshem4@sciencedirect.com,Male,Accounting,159596,Camimbo,San Francisco,United States
798,Caro,McTerrelly,cmcterrellym5@networkadvertising.org,Female,Marketing,226431,Mydo,Perpignan,France
799,Winn,Swinn,wswinnm6@mit.edu,Female,Product Management,116077,Centimia,Racine,United States
800,Meridith,Flores,mfloresm7@marketwatch.com,Male,Support,189469,Camido,Spartanburg,United States
801,Rosaleen,Messiter,rmessiterm8@nbcnews.com,Male,Product Management,490447,Twitternation,Évreux,France
802,Wren,Fernando,wfernandom9@nasa.gov,Male,Human Resources,343087,Gabtype,Nanterre,France
803,Hughie,Morgon,hmorgonma@unesco.org,Female,Product Management,142560,Yodel,Cosne-Cours-sur-Loire,France
804,Roobbie,Sheber,rshebermb@si.edu,Male,Support,706711,Oba,Newton,United Kingdom
805,Devlen,Jozwik,djozwikmc@instagram.com,Female,Research and Development,420021,Flashspan,Berlin,Germany
806,Conny,Vamplers,cvamplersmd@tamu.edu,Female,Research and Development,101883,Oyoloo,Evansville,United States
807,Damaris,Magnay,dmagnayme@patch.com,Female,Support,165905,Thoughtbridge,Cedar Rapids,United States
808,Tanny,Kingham,tkinghammf@rediff.com,Female,Product Management,919276,Voonix,Paris 17,France
809,Amalea,Gerrans,agerransmg@rediff.com,Male,Business Development,961174,Linktype,Valdosta,United States
810,Emmalee,Iacovielli,eiacoviellimh@noaa.gov,Male,Business Development,362425,Yadel,Nancy,France
811,Valerie,Lofts,vloftsmi@webmd.com,Female,Product Management,511304,Realcube,La Roche-sur-Yon,France
812,Deeyn,Pattinson,dpattinsonmj@npr.org,Male,Legal,809401,Oloo,Saint-Leu-la-Forêt,France
813,Gino,Haestier,ghaestiermk@webs.com,Female,Product Management,109192,Jayo,Düsseldorf,Germany
814,Lorettalorna,Joy,ljoyml@edublogs.org,Male,Accounting,51286,Muxo,Cergy-Pontoise,France
815,Jason,Witherow,jwitherowmm@cbslocal.com,Male,Accounting,178809,Oodoo,Charleston,United States
816,Gracia,Aisbett,gaisbettmn@toplist.cz,Male,Product Management,638070,Voomm,New York City,United States
817,Allan,Tull,atullmo@smh.com.au,Male,Sales,97157,Youopia,Decatur,United States
818,Nanny,Mouncey,nmounceymp@apple.com,Male,Human Resources,412342,Skibox,Petaluma,United States
819,Sisely,Puxley,spuxleymq@etsy.com,Female,Services,91750,Talane,Paris 09,France
820,Veriee,Roser,vrosermr@instagram.com,Female,Services,996244,Yadel,Melun,France
821,Candra,Wharlton,cwharltonms@list-manage.com,Female,Business Development,236079,Riffwire,Saint-Quentin-en-Yvelines,France
822,Gaye,Hoult,ghoultmt@eepurl.com,Female,Support,434617,Eayo,Mirecourt,France
823,Waylen,Skellorne,wskellornemu@psu.edu,Female,Accounting,896443,Thoughtblab,Ludwigshafen am Rhein,Germany
824,Janie,Deas,jdeasmv@twitter.com,Female,Marketing,902134,Livetube,Aachen,Germany
825,Krysta,Filippi,kfilippimw@nbcnews.com,Female,Services,252269,Photobean,Stapleford,United Kingdom
826,Godfree,Attewell,gattewellmx@adobe.com,Male,Business Development,745878,Blogpad,Cognac,France
827,Fredericka,Lethibridge,flethibridgemy@zdnet.com,Female,Legal,276565,Twitterbeat,Pittsburgh,United States
828,Donall,McCard,dmccardmz@shop-pro.jp,Male,Training,838901,Wikibox,Tarbes,France
829,Marika,Kenset,mkensetn0@cbslocal.com,Female,Sales,356628,Tagpad,Marseille,France
830,Nathaniel,Hundell,nhundelln1@ehow.com,Female,Accounting,708537,Quaxo,Lille,France
831,Peggi,Bonsale,pbonsalen2@cargocollective.com,Female,Services,857621,Meetz,Arras,France
832,Sharity,Chalcot,schalcotn3@icq.com,Female,Engineering,449535,Nlounge,Seattle,United States
833,Wyndham,Woodrow,wwoodrown4@lycos.com,Female,Sales,606026,JumpXS,Avignon,France
834,Dorry,Kitcherside,dkitchersiden5@sogou.com,Male,Support,926524,Jaxnation,Rouen,France
835,Josefa,Tremmil,jtremmiln6@merriam-webster.com,Female,Human Resources,132009,Babbleset,Seattle,United States
836,Allen,Benza,abenzan7@bbc.co.uk,Male,Legal,65633,Rhyloo,Angers,France
837,Stu,Kealy,skealyn8@free.fr,Male,Support,7706,Camimbo,Caen,France
838,Euphemia,Meekin,emeekinn9@cbc.ca,Female,Human Resources,525598,Skynoodle,Berlin,Germany
839,Timothea,Bavester,tbavesterna@harvard.edu,Female,Legal,282877,Topdrive,Orsay,France
840,Jaine,Manklow,jmanklownb@yelp.com,Male,Marketing,256105,Einti,Paris 19,France
841,Britte,Pinnock,bpinnocknc@nifty.com,Female,Product Management,158619,Zazio,Washington,United States
842,Ahmad,Posse,apossend@hc360.com,Male,Business Development,393778,Roodel,Dijon,France
843,Zulema,Labusch,zlabuschne@newsvine.com,Female,Services,309249,BlogXS,Chantilly,France
844,Meriel,Paradise,mparadisenf@gravatar.com,Female,Business Development,166719,Skyvu,New York City,United States
845,Tedra,Weitzel,tweitzelng@free.fr,Male,Support,710935,Meezzy,Mülheim an der Ruhr,Germany
846,Vinnie,Mudie,vmudienh@dell.com,Male,Business Development,467788,Yodo,Atlanta,United States
847,Maribelle,Playfoot,mplayfootni@si.edu,Female,Product Management,685487,Tambee,Düsseldorf,Germany
848,Doloritas,Nugent,dnugentnj@aol.com,Female,Research and Development,283774,Youspan,Denver,United States
849,Abby,Spilsbury,aspilsburynk@cbsnews.com,Male,Human Resources,285108,Zoomdog,Birmingham,United Kingdom
850,Marchall,Enefer,menefernl@yale.edu,Male,Engineering,666083,Realbridge,Valence,France
851,Frankie,Emlen,femlennm@narod.ru,Female,Legal,376599,Meevee,Morez,France
852,Taddeo,Seegar,tseegarnn@squidoo.com,Male,Legal,440137,Flashset,La Roche-sur-Yon,France
853,Kingsly,Ryman,krymanno@tripadvisor.com,Male,Research and Development,184337,Skinte,West Palm Beach,United States
854,Innis,Baylis,ibaylisnp@123-reg.co.uk,Male,Support,304347,Divanoodle,Créteil,France
855,Meridel,Pietruszewicz,mpietruszewicznq@nationalgeographic.com,Female,Engineering,365531,Skinte,Ajaccio,France
856,Debbi,Ottiwill,dottiwillnr@narod.ru,Male,Product Management,416285,Oyonder,San Jose,United States
857,Zandra,Chalice,zchalicens@dedecms.com,Female,Support,407739,Izio,Tampa,United States
858,Rosmunda,Plester,rplesternt@usatoday.com,Male,Training,815531,Mynte,Miami,United States
859,Hannah,Ionn,hionnnu@dell.com,Female,Marketing,873022,Pixope,Saint-Marcellin,France
860,Sayres,Harbar,sharbarnv@sun.com,Male,Business Development,477112,Yoveo,Vincennes,France
861,Cortie,Lonsbrough,clonsbroughnw@hp.com,Male,Marketing,648456,InnoZ,Greensboro,United States
862,Darla,Haxell,dhaxellnx@e-recht24.de,Male,Human Resources,447175,Devcast,Nantes,France
863,Josie,Elcox,jelcoxny@spotify.com,Female,Sales,646553,Skimia,Metz,France
864,Dimitri,Hawgood,dhawgoodnz@upenn.edu,Male,Services,109705,Topicblab,Fort Wayne,United States
865,Rutger,Loades,rloadeso0@wunderground.com,Male,Training,271406,Cogilith,Niort,France
866,Emilee,Grabham,egrabhamo1@indiegogo.com,Male,Sales,79378,Zazio,Rouen,France
867,Kailey,Isaacson,kisaacsono2@cargocollective.com,Female,Human Resources,73004,Plambee,Lyon,France
868,Donal,O'Brallaghan,dobrallaghano3@deviantart.com,Female,Sales,363600,Eamia,Denver,United States
869,Jeremy,Midgley,jmidgleyo4@google.it,Female,Legal,415359,Realmix,Englewood,United States
870,Jerri,Barney,jbarneyo5@newsvine.com,Male,Training,899002,Dabjam,Miami,United States
871,Kaspar,Sixsmith,ksixsmitho6@kickstarter.com,Male,Human Resources,417261,Voonix,Charleston,United States
872,Killian,Matkovic,kmatkovico7@google.com.hk,Female,Sales,175142,Linkbridge,Shreveport,United States
873,Nicky,O' Markey,nomarkeyo8@jalbum.net,Male,Business Development,832974,Skyndu,Fosses,France
874,Dill,Sharrock,dsharrocko9@purevolume.com,Female,Support,829664,Bluezoom,Limeil-Brévannes,France
875,Iago,Tidman,itidmanoa@nifty.com,Male,Product Management,485846,Shufflebeat,Knoxville,United States
876,Michelina,Berntssen,mberntssenob@cornell.edu,Male,Business Development,466269,Abata,Nashville,United States
877,Errol,Ditter,editteroc@senate.gov,Male,Marketing,209317,Talane,Rennes,France
878,Valencia,Loghan,vloghanod@sogou.com,Male,Accounting,794675,Dabvine,Washington,United States
879,Pembroke,Lauritzen,plauritzenoe@rediff.com,Female,Human Resources,826461,Buzzdog,Largo,United States
880,Cosetta,Aikett,caikettof@nba.com,Female,Support,331847,Yacero,Rambouillet,France
881,Ingunna,Wattins,iwattinsog@ehow.com,Male,Marketing,403300,Blognation,San Antonio,United States
882,Emeline,Lazare,elazareoh@amazon.co.jp,Female,Product Management,338192,Digitube,Montargis,France
883,Maryjane,Vinton,mvintonoi@answers.com,Female,Engineering,253215,Eidel,Paris 12,France
884,Fairfax,Kennealy,fkennealyoj@scientificamerican.com,Female,Business Development,118105,Browsebug,München,Germany
885,Saidee,Shobrook,sshobrookok@macromedia.com,Female,Business Development,405781,Kwideo,Marseille,France
886,Floris,Petticrew,fpetticrewol@tripod.com,Male,Sales,347042,Twimbo,Roissy Charles-de-Gaulle,France
887,Emmy,Gebb,egebbom@drupal.org,Female,Services,370718,Fliptune,Bernay,France
888,Tally,Sutter,tsutteron@jugem.jp,Male,Training,42747,Pixonyx,Berlin,Germany
889,Reyna,Ratchford,rratchfordoo@oakley.com,Female,Research and Development,25613,Podcat,Pensacola,United States
890,Tracee,Rolland,trollandop@mit.edu,Male,Human Resources,83985,Yata,Hamburg,Germany
891,Findlay,Piet,fpietoq@mlb.com,Female,Engineering,626432,Photofeed,Vineuil,France
892,Bert,O'Heagertie,boheagertieor@posterous.com,Female,Services,120195,Zooxo,Carrières-sur-Seine,France
893,Elwyn,Abbess,eabbessos@europa.eu,Male,Research and Development,725318,Yakijo,Quetigny,France
894,Kenny,De Andisie,kdeandisieot@goo.ne.jp,Male,Sales,695147,Centidel,Le Blanc-Mesnil,France
895,Nona,Tinton,ntintonou@alexa.com,Female,Product Management,84419,Skyble,Lyon,France
896,Scarlet,Vitall,svitallov@addthis.com,Female,Sales,874344,Jaxworks,Nîmes,France
897,Arlene,O'Toole,aotooleow@tinyurl.com,Female,Support,807084,Wikizz,Dortmund,Germany
898,Clyve,Holliar,cholliarox@elpais.com,Female,Business Development,831916,Oozz,Rungis,France
899,Adan,Littlejohns,alittlejohnsoy@newsvine.com,Female,Sales,263173,Kwideo,Besançon,France
900,Evvie,Grzelak,egrzelakoz@jiathis.com,Female,Product Management,231027,Yata,Greensboro,United States
901,Bronny,Treasaden,btreasadenp0@amazonaws.com,Female,Support,158108,Skivee,Sacramento,United States
902,Audrye,Dolton,adoltonp1@nsw.gov.au,Female,Accounting,435628,LiveZ,Calais,France
903,Pammi,Grabert,pgrabertp2@rediff.com,Male,Human Resources,10294,Yotz,Newport Beach,United States
904,Consolata,Badrock,cbadrockp3@etsy.com,Female,Marketing,230005,Oyoba,Heilbronn,Germany
905,Law,McGow,lmcgowp4@examiner.com,Male,Engineering,458741,Photofeed,Seattle,United States
906,Ignacio,Viste,ivistep5@latimes.com,Female,Services,665919,Wikivu,Los Angeles,United States
907,Tobin,Shearer,tshearerp6@ycombinator.com,Female,Training,423872,Quinu,Laval,France
908,Chic,Slaght,cslaghtp7@hc360.com,Female,Sales,610818,Topdrive,Birmingham,United States
909,Sophia,Taylor,staylorp8@tamu.edu,Female,Business Development,827021,Lazzy,Issoudun,France
910,Cinderella,Nollet,cnolletp9@github.io,Female,Training,661991,Avavee,Sceaux,France
911,Emyle,Tongue,etonguepa@xrea.com,Female,Services,546932,Jaxnation,Berlin,Germany
912,Amory,Duckerin,aduckerinpb@multiply.com,Female,Human Resources,460357,Youopia,Los Angeles,United States
913,Dee,Auchterlony,dauchterlonypc@netvibes.com,Female,Accounting,84836,Vimbo,Ancenis,France
914,Worth,Woolmington,wwoolmingtonpd@multiply.com,Male,Marketing,116804,Einti,Fécamp,France
915,Mikel,Bollen,mbollenpe@chicagotribune.com,Female,Engineering,124462,Twimbo,Dallas,United States
916,Lorne,Deviney,ldevineypf@nifty.com,Female,Sales,55916,Flipstorm,Des Moines,United States
917,Mahalia,Eskriett,meskriettpg@google.de,Female,Legal,517694,Brainlounge,Meylan,France
918,Deni,Gillease,dgilleaseph@mtv.com,Male,Legal,666289,Yoveo,Dijon,France
919,Tammy,Peebles,tpeeblespi@cisco.com,Female,Services,813310,Ntag,Besançon,France
920,Fey,Gyer,fgyerpj@businesswire.com,Female,Human Resources,489583,Flipstorm,Baltimore,United States
921,Care,McGaugey,cmcgaugeypk@shareasale.com,Male,Services,509293,Zava,Marseille,France
922,Sonni,Onge,songepl@prlog.org,Male,Support,575843,Realmix,Vagney,France
923,Raynor,Toal,rtoalpm@qq.com,Female,Research and Development,436057,Tagchat,Dallas,United States
924,Constanta,Brend,cbrendpn@behance.net,Male,Services,24531,Ntags,Fréjus,France
925,Lukas,Turfs,lturfspo@symantec.com,Male,Sales,27588,Camimbo,Paris 16,France
926,Emlynn,Peek,epeekpp@amazonaws.com,Male,Human Resources,396844,Vinte,Lyon,France
927,Brandi,Pischoff,bpischoffpq@fotki.com,Female,Marketing,339219,Zoombeat,Flers,France
928,Isidora,Cawthron,icawthronpr@weather.com,Female,Accounting,796693,Nlounge,Miribel,France
929,Norine,Whitlock,nwhitlockps@mac.com,Male,Research and Development,856415,Trudoo,Locminé,France
930,Kirsti,Revington,krevingtonpt@yellowbook.com,Male,Marketing,800449,Babbleopia,Durham,United States
931,Lindsay,Lanmeid,llanmeidpu@blogspot.com,Male,Legal,649091,Realcube,Erie,United States
932,Belva,Kepe,bkepepv@utexas.edu,Male,Human Resources,139100,Blogspan,Laxou,France
933,Terence,Boullin,tboullinpw@businessinsider.com,Female,Marketing,243934,Flashpoint,Newton,United Kingdom
934,Dorotea,Trebilcock,dtrebilcockpx@nature.com,Male,Human Resources,807234,Twiyo,Naperville,United States
935,Roseann,Rattry,rrattrypy@aboutads.info,Male,Accounting,463878,Blogtag,Tacoma,United States
936,Althea,Lown,alownpz@illinois.edu,Female,Research and Development,884050,Yodo,Pentre,United Kingdom
937,Olin,Kropp,okroppq0@comsenz.com,Female,Training,225658,Lazzy,Saint Paul,United States
938,Siegfried,Hanney,shanneyq1@canalblog.com,Female,Sales,24240,Tagpad,Bondy,France
939,Jeffie,Deetlefs,jdeetlefsq2@google.co.jp,Male,Research and Development,806894,Vinder,Miami,United States
940,Daveen,Eisold,deisoldq3@va.gov,Male,Product Management,814117,Quatz,Roscoff,France
941,Guenna,Keller,gkellerq4@google.co.uk,Female,Research and Development,280470,Quinu,Clermont-Ferrand,France
942,Christoper,Purple,cpurpleq5@aboutads.info,Female,Marketing,720274,Twitternation,Young America,United States
943,Lenna,Whorlow,lwhorlowq6@qq.com,Female,Accounting,999763,Lazzy,Oklahoma City,United States
944,Bail,Simukov,bsimukovq7@bravesites.com,Female,Legal,584105,Yata,Baume-les-Dames,France
945,Aymer,Boscott,aboscottq8@ucla.edu,Female,Human Resources,85396,Mynte,Hénin-Beaumont,France
946,Meara,Lister,mlisterq9@slashdot.org,Male,Research and Development,393541,Edgeify,Paris 08,France
947,Ailee,Stansbie,astansbieqa@devhub.com,Male,Sales,575699,Topiclounge,Ogden,United States
948,Rudolfo,Bendtsen,rbendtsenqb@independent.co.uk,Male,Human Resources,218857,Vidoo,Washington,United States
949,Kalil,Lamdin,klamdinqc@ezinearticles.com,Female,Training,650508,Photobug,Erie,United States
950,Adelina,Stollenberg,astollenbergqd@scientificamerican.com,Male,Engineering,342188,Tambee,Raleigh,United States
951,Griffy,Bozward,gbozwardqe@auda.org.au,Male,Sales,498765,Lazz,München,Germany
952,Betta,Peery,bpeeryqf@netscape.com,Female,Sales,120695,Aibox,Montbrison,France
953,Keelia,Fisby,kfisbyqg@csmonitor.com,Male,Training,898780,Dynazzy,Arras,France
954,Errol,Maruszewski,emaruszewskiqh@npr.org,Female,Business Development,753880,Zazio,Paris 12,France
955,Alvinia,Dymott,adymottqi@yandex.ru,Male,Sales,985686,Yodoo,Autun,France
956,Doralynn,Cyples,dcyplesqj@ovh.net,Female,Sales,406931,Reallinks,Chattanooga,United States
957,Emyle,Sirrell,esirrellqk@seesaa.net,Male,Accounting,922116,Teklist,Rungis,France
958,Rafaela,Smithies,rsmithiesql@examiner.com,Female,Engineering,224723,Buzzster,Strasbourg,France
959,Vonnie,Wedge,vwedgeqm@artisteer.com,Male,Human Resources,729579,Ntag,Kingsport,United States
960,Delora,Burns,dburnsqn@house.gov,Male,Support,164377,Brainsphere,Brooklyn,United States
961,Analiese,Davidovich,adavidovichqo@amazon.co.jp,Male,Training,110729,Thoughtstorm,Pittsburgh,United States
962,Sebastiano,Reinhardt,sreinhardtqp@hud.gov,Male,Marketing,907284,DabZ,Duisburg,Germany
963,Nathanael,Gaskin,ngaskinqq@seattletimes.com,Female,Research and Development,696378,Vimbo,Lille,France
964,Brigitte,Girardey,bgirardeyqr@amazon.de,Female,Business Development,241675,Flashspan,Rive-de-Gier,France
965,Clayborne,Benne,cbenneqs@miitbeian.gov.cn,Male,Engineering,58723,Brainsphere,Freiburg im Breisgau,Germany
966,Sibella,Daws,sdawsqt@nsw.gov.au,Male,Services,525596,Devshare,Palatine,United States
967,Dal,Roast,droastqu@gravatar.com,Male,Legal,663526,Wikizz,Frankfort,United States
968,Adiana,Lotterington,alotteringtonqv@prnewswire.com,Male,Services,729803,Quimba,Avignon,France
969,Mart,Murrigan,mmurriganqw@oaic.gov.au,Female,Research and Development,77903,Aimbo,Paris 08,France
970,Ahmed,Daile,adaileqx@cocolog-nifty.com,Female,Legal,892075,Feedfish,Avignon,France
971,Abraham,Dykas,adykasqy@exblog.jp,Male,Business Development,334884,Eayo,Brest,France
972,Any,Ummfrey,aummfreyqz@naver.com,Male,Support,65590,Browsezoom,Hagerstown,United States
973,Cherise,Evanson,cevansonr0@thetimes.co.uk,Female,Engineering,412823,Ailane,New York City,United States
974,Melisande,Davidwitz,mdavidwitzr1@exblog.jp,Female,Research and Development,492805,Jaxworks,Jamaica,United States
975,Dorey,Stucksbury,dstucksburyr2@reverbnation.com,Female,Services,371654,Gigazoom,Dallas,United States
976,Carver,Wingar,cwingarr3@noaa.gov,Male,Human Resources,346299,Linkbridge,Clichy,France
977,Dniren,Dubique,ddubiquer4@walmart.com,Male,Legal,378835,Flashpoint,Aurora,United States
978,Catina,Rock,crockr5@nih.gov,Male,Business Development,756126,Oodoo,Torrance,United States
979,Brit,Rableau,brableaur6@admin.ch,Male,Training,797848,Meetz,Cavaillon,France
980,Avie,Duckers,aduckersr7@wordpress.com,Male,Human Resources,992207,Devcast,Bagnolet,France
981,Marcela,Gajownik,mgajownikr8@i2i.jp,Female,Business Development,883704,Topdrive,Hollywood,United States
982,Maitilde,Ganning,mganningr9@epa.gov,Male,Legal,134633,Cogidoo,Dortmund,Germany
983,Lorain,Waddilove,lwaddilovera@google.co.jp,Female,Product Management,948131,Edgetag,Tours,France
984,Heidie,Antoniades,hantoniadesrb@linkedin.com,Male,Human Resources,345096,Camimbo,Garden Grove,United States
985,Finn,O'Shaughnessy,foshaughnessyrc@theatlantic.com,Male,Accounting,622848,Trupe,Norfolk,United States
986,Celie,Tinto,ctintord@wunderground.com,Female,Services,121044,Jatri,Pasadena,United States
987,Marrilee,Raggatt,mraggattre@csmonitor.com,Female,Support,320074,Oyope,Paris 10,France
988,Yoshi,Malinson,ymalinsonrf@woothemes.com,Male,Services,242472,Jaxspan,Bordeaux,France
989,Petronella,Keward,pkewardrg@netvibes.com,Female,Services,979794,Podcat,Carcassonne,France
990,Stanley,Leipelt,sleipeltrh@patch.com,Female,Legal,636406,Chatterbridge,Shreveport,United States
991,Guenna,Whacket,gwhacketri@sciencedaily.com,Female,Human Resources,92817,Fanoodle,Gardanne,France
992,Curry,Zumbusch,czumbuschrj@over-blog.com,Female,Support,334197,Buzzshare,Nantes,France
993,Gunner,Crosskill,gcrosskillrk@google.de,Female,Engineering,732360,Ainyx,Corbeil-Essonnes,France
994,Joeann,Teale,jtealerl@cam.ac.uk,Female,Accounting,954591,Yakitri,Paris 19,France
995,Pamelina,Bragg,pbraggrm@sourceforge.net,Male,Engineering,783683,Trilia,Springfield,United States
996,Bendix,Strevens,bstrevensrn@tripod.com,Female,Training,95684,Quatz,Marseille,France
997,Camila,Slyvester,cslyvesterro@marriott.com,Male,Accounting,556312,Skipfire,San Angelo,United States
998,Lainey,St. Louis,lstlouisrp@vk.com,Male,Human Resources,634004,Mymm,Washington,United States
999,Almeda,McLewd,amclewdrq@ca.gov,Female,Legal,468658,Topdrive,Kingersheim,France
1000,Hestia,Vany,hvanyrr@hhs.gov,Male,Accounting,264486,Fliptune,Vannes,France
